account_age_days,orders_count,total_spent,avg_order_value,days_since_last_order,favorites_count,churned
98,7,430.78,61.54,7,4,0
847,3,253.59,84.53,89,7,0
717,4,289.48,72.37,141,6,1
481,3,103.62,34.54,152,1,1
474,5,145.7,29.14,79,2,1
940,3,385.14,128.38,14,4,0
95,3,171.84,57.28,95,2,0
763,7,825.37,117.91,134,4,0
221,3,138.39,46.13,82,2,0
104,3,407.55,135.85,104,2,1
576,3,96.09,32.03,57,2,1
1068,11,207.79,18.89,148,4,0
805,0,0.0,63.25,805,2,1
833,6,150.18,25.03,78,2,1
785,7,643.51,91.93,18,1,0
860,5,800.25,160.05,63,4,0
562,2,66.96,33.48,139,3,1
141,5,237.5,47.5,141,3,0
919,5,243.5,48.7,83,5,0
493,3,146.64,48.88,53,5,1
548,5,301.75,60.35,138,1,0
406,2,241.38,120.69,169,2,0
200,3,195.48,65.16,26,2,0
1014,3,185.13,61.71,58,4,0
856,3,66.57,22.19,144,1,0
705,7,193.62,27.66,23,3,0
441,4,101.6,25.4,176,2,1
901,2,91.48,45.74,43,1,1
597,6,462.06,77.01,88,0,1
486,3,92.7,30.9,94,2,1
493,3,475.2,158.4,68,2,1
249,3,78.51,26.17,24,7,0
101,4,284.76,71.19,6,3,0
607,4,931.04,232.76,69,3,0
972,9,584.19,64.91,49,1,0
70,2,153.16,76.58,70,3,0
939,6,428.82,71.47,120,0,1
906,8,253.84,31.73,17,3,0
303,4,243.88,60.97,136,7,1
692,7,66.57,9.51,111,3,1
181,4,206.4,51.6,23,3,0
830,4,463.12,115.78,73,0,0
767,2,355.72,177.86,133,0,1
388,3,124.14,41.38,117,1,1
75,5,782.0,156.4,75,2,0
1062,3,98.31,32.77,89,3,1
488,8,667.52,83.44,125,4,0
978,6,509.22,84.87,158,5,1
742,3,118.89,39.63,31,3,0
852,1,26.44,26.44,73,3,1
832,2,81.78,40.89,153,1,1
213,6,426.06,71.01,92,4,0
399,5,612.3,122.46,32,6,0
511,3,446.22,148.74,24,5,0
545,4,278.12,69.53,131,3,1
48,5,475.25,95.05,48,5,0
598,6,649.26,108.21,143,4,0
169,4,164.72,41.18,21,3,0
814,2,187.04,93.52,110,3,1
748,6,303.0,50.5,105,2,0
1010,7,318.92,45.56,83,3,0
815,7,265.37,37.91,77,2,1
402,2,80.54,40.27,49,2,0
1059,3,207.06,69.02,142,2,1
450,3,168.33,56.11,60,3,0
357,5,285.35,57.07,76,3,1
991,7,351.33,50.19,155,4,0
406,8,210.32,26.29,114,5,1
84,8,370.72,46.34,7,7,0
514,5,150.75,30.15,11,3,0
871,3,146.64,48.88,97,3,1
208,3,131.1,43.7,128,4,0
507,2,165.46,82.73,85,5,1
143,3,317.31,105.77,143,4,1
752,1,56.09,56.09,154,4,1
521,1,95.2,95.2,81,5,1
362,4,124.44,31.11,43,2,0
249,3,718.26,239.42,2,2,0
618,3,380.22,126.74,7,1,0
733,6,189.54,31.59,109,4,0
1029,3,162.6,54.2,61,5,1
479,2,211.5,105.75,27,3,0
176,6,140.82,23.47,14,4,0
911,3,30.48,10.16,85,9,0
689,3,198.57,66.19,106,6,1
767,4,108.96,27.24,6,2,0
107,2,88.1,44.05,76,4,1
342,7,369.39,52.77,80,5,0
841,4,184.6,46.15,11,3,0
911,4,62.28,15.57,158,3,1
477,4,281.4,70.35,42,1,0
881,4,716.56,179.14,25,3,0
921,6,362.88,60.48,25,3,0
424,3,586.41,195.47,90,1,0
983,2,21.72,10.86,128,4,1
316,5,184.15,36.83,46,4,1
263,6,976.56,162.76,138,6,0
747,2,72.24,36.12,47,1,0
697,1,73.42,73.42,34,2,1
153,3,183.9,61.3,116,0,1
912,1,51.62,51.62,140,3,1
219,3,319.32,106.44,135,3,0
881,0,0.0,62.66,881,2,1
9,4,383.16,95.79,9,1,0
872,2,330.28,165.14,153,5,1
861,3,325.05,108.35,51,0,0
854,2,61.14,30.57,113,3,0
728,7,1534.05,219.15,13,5,0
516,3,259.56,86.52,15,4,0
772,1,54.78,54.78,80,1,1
304,6,161.22,26.87,127,1,0
855,2,130.2,65.1,106,7,1
608,3,116.25,38.75,30,2,1
503,6,133.14,22.19,134,5,1
554,5,143.5,28.7,110,3,0
623,1,19.41,19.41,137,6,1
41,3,39.45,13.15,41,6,0
153,4,198.44,49.61,153,3,0
269,5,290.05,58.01,66,6,0
126,2,159.36,79.68,6,1,0
481,4,885.52,221.38,108,4,0
732,5,425.1,85.02,177,2,1
716,4,177.72,44.43,18,5,0
516,2,96.48,48.24,175,1,1
936,2,141.74,70.87,139,2,1
619,1,29.74,29.74,7,4,1
87,3,280.77,93.59,87,2,0
837,2,101.88,50.94,57,4,1
629,6,617.22,102.87,118,1,0
695,9,601.47,66.83,138,4,0
619,4,218.4,54.6,68,2,0
606,5,598.65,119.73,87,4,0
100,1,21.26,21.26,8,5,0
612,4,310.2,77.55,1,0,0
870,4,594.2,148.55,137,2,1
333,3,205.89,68.63,64,5,0
660,4,242.32,60.58,159,5,1
34,6,626.1,104.35,34,2,0
381,4,177.0,44.25,72,2,0
478,3,157.47,52.49,159,4,1
1076,3,80.79,26.93,11,0,1
235,4,170.2,42.55,150,3,1
303,4,359.52,89.88,14,4,0
447,6,320.04,53.34,171,4,1
1086,4,137.24,34.31,102,3,1
934,4,491.04,122.76,85,0,0
38,2,226.86,113.43,38,2,0
256,3,602.55,200.85,144,0,0
899,5,185.7,37.14,52,3,0
64,2,225.78,112.89,19,4,0
937,3,265.44,88.48,175,5,1
308,4,284.12,71.03,94,2,1
1004,7,1077.86,153.98,52,4,0
322,4,308.84,77.21,165,4,1
476,5,196.9,39.38,8,3,0
725,5,250.25,50.05,151,2,0
139,5,101.5,20.3,4,4,0
610,3,260.28,86.76,119,4,1
553,6,915.6,152.6,7,4,0
858,2,155.46,77.73,27,5,0
1090,2,142.26,71.13,59,2,1
727,6,615.66,102.61,33,2,0
448,5,466.35,93.27,9,4,0
445,3,373.62,124.54,123,1,1
458,4,249.72,62.43,138,1,1
891,2,164.02,82.01,59,4,1
352,3,181.2,60.4,126,2,0
183,5,132.7,26.54,60,7,0
366,5,153.7,30.74,39,3,1
25,1,41.18,41.18,25,3,0
117,3,77.67,25.89,95,4,0
99,3,209.04,69.68,4,2,0
845,2,213.12,106.56,126,3,0
791,6,267.48,44.58,71,3,0
763,3,52.5,17.5,14,4,1
506,5,192.25,38.45,43,2,0
785,3,160.77,53.59,58,2,0
177,4,408.84,102.21,5,3,0
986,4,263.0,65.75,132,3,1
549,3,196.98,65.66,39,1,1
1027,4,337.16,84.29,29,4,0
167,0,0.0,111.62,167,5,1
545,4,597.12,149.28,129,2,1
762,8,357.52,44.69,91,3,0
543,7,437.08,62.44,147,3,1
489,2,89.26,44.63,79,6,1
182,3,245.16,81.72,123,1,1
417,3,52.17,17.39,85,3,1
262,9,1551.51,172.39,107,2,0
330,5,434.95,86.99,159,3,1
748,3,237.3,79.1,111,2,1
690,8,313.12,39.14,89,5,0
665,2,98.44,49.22,156,3,1
396,4,103.68,25.92,116,2,1
1050,5,188.45,37.69,168,3,1
96,5,558.1,111.62,96,3,0
375,2,40.5,20.25,124,3,1
130,3,578.34,192.78,94,4,0
371,5,621.45,124.29,153,3,1
1053,3,234.33,78.11,55,4,0
401,7,251.09,35.87,98,4,1
994,4,383.48,95.87,163,0,1
542,6,543.18,90.53,39,3,0
766,3,132.3,44.1,79,0,1
501,3,257.49,85.83,5,3,0
291,4,213.84,53.46,103,7,1
837,7,114.1,16.3,63,5,1
1061,4,108.84,27.21,101,2,1
289,4,486.88,121.72,43,3,0
852,4,191.56,47.89,149,3,1
286,5,201.9,40.38,178,1,1
785,1,69.48,69.48,97,3,1
864,2,24.58,12.29,110,4,1
492,6,389.28,64.88,83,2,0
807,3,216.75,72.25,54,1,1
298,7,660.17,94.31,83,3,0
87,3,92.88,30.96,87,0,1
106,1,43.58,43.58,106,3,1
490,3,213.66,71.22,125,7,0
988,5,164.9,32.98,60,1,1
140,5,374.15,74.83,112,1,0
499,3,208.08,69.36,169,1,0
771,3,34.47,11.49,76,3,0
222,6,660.78,110.13,153,7,0
790,8,268.88,33.61,86,4,0
335,4,263.84,65.96,25,0,0
885,4,695.24,173.81,33,6,0
634,4,144.72,36.18,58,0,0
599,11,930.93,84.63,105,2,0
194,6,1192.92,198.82,164,4,0
507,4,368.96,92.24,71,2,0
938,4,494.96,123.74,51,2,0
22,5,143.1,28.62,22,4,0
830,7,1040.27,148.61,58,3,0
540,5,82.85,16.57,79,1,0
788,8,708.08,88.51,40,4,0
726,7,449.82,64.26,54,3,0
473,5,262.5,52.5,10,2,0
338,3,140.1,46.7,103,1,1
687,2,187.0,93.5,87,3,0
154,5,196.0,39.2,31,3,0
640,5,241.85,48.37,136,4,1
104,3,266.67,88.89,37,3,0
711,4,483.48,120.87,119,1,1
688,2,119.8,59.9,21,2,0
93,4,608.28,152.07,5,4,0
829,1,71.97,71.97,23,3,0
455,3,203.37,67.79,95,2,1
861,8,2055.04,256.88,33,4,0
46,3,243.87,81.29,46,6,0
197,6,1107.3,184.55,97,2,0
541,5,1222.3,244.46,116,3,0
206,1,29.4,29.4,142,4,1
361,5,193.9,38.78,73,2,0
723,4,77.6,19.4,20,4,1
159,9,878.49,97.61,159,3,0
742,2,196.98,98.49,140,4,1
114,3,134.61,44.87,114,3,1
192,3,32.37,10.79,167,3,1
643,1,83.73,83.73,127,1,1
869,5,104.2,20.84,179,4,1
187,4,227.76,56.94,93,6,0
329,4,403.44,100.86,101,3,1
1013,6,424.8,70.8,107,3,0
1083,2,240.54,120.27,92,4,1
636,3,164.55,54.85,80,2,1
490,1,40.02,40.02,60,3,0
380,5,174.45,34.89,144,2,1
671,7,694.82,99.26,60,1,0
647,2,122.96,61.48,164,2,1
323,4,154.56,38.64,135,0,1
25,2,162.64,81.32,25,2,0
166,2,36.06,18.03,117,4,1
1049,3,201.42,67.14,108,2,1
458,1,76.58,76.58,61,2,1
528,4,332.24,83.06,123,4,1
512,2,305.3,152.65,105,2,0
857,5,264.65,52.93,72,3,0
72,6,463.68,77.28,13,3,0
91,4,340.12,85.03,2,3,0
302,6,371.7,61.95,42,3,0
533,3,81.27,27.09,127,3,0
735,2,209.94,104.97,166,1,1
537,2,21.3,10.65,169,1,1
483,6,170.22,28.37,95,3,1
1026,5,259.8,51.96,155,1,1
177,1,28.3,28.3,1,3,0
626,4,267.96,66.99,159,4,1
594,5,636.2,127.24,174,1,0
518,4,753.8,188.45,73,9,0
884,1,62.69,62.69,9,4,0
293,4,323.88,80.97,129,5,0
1044,4,267.04,66.76,3,2,0
363,4,242.0,60.5,115,4,1
597,9,546.57,60.73,58,3,0
570,2,336.92,168.46,98,3,1
930,2,25.88,12.94,166,1,1
481,6,661.86,110.31,28,1,0
312,3,107.67,35.89,7,2,0
24,4,222.52,55.63,24,4,0
398,3,81.99,27.33,126,3,1
904,8,205.6,25.7,54,5,0
11,4,482.6,120.65,11,4,0
981,3,124.44,41.48,127,3,1
594,4,261.56,65.39,125,0,1
154,5,437.05,87.41,154,0,1
331,5,761.75,152.35,156,6,1
607,7,184.66,26.38,131,4,0
346,5,791.15,158.23,4,3,0
119,3,226.38,75.46,47,8,0
729,4,293.72,73.43,118,2,1
736,3,157.74,52.58,84,1,0
131,8,379.6,47.45,10,3,0
308,2,37.44,18.72,102,4,1
267,4,531.8,132.95,137,2,1
722,7,173.18,24.74,131,4,1
799,2,86.92,43.46,167,3,1
796,5,604.3,120.86,27,6,0
1028,5,299.1,59.82,172,3,1
841,5,148.15,29.63,95,4,0
351,3,317.88,105.96,56,0,0
118,3,143.22,47.74,118,4,1
673,2,86.02,43.01,19,3,1
1003,5,127.6,25.52,5,4,0
1067,5,227.85,45.57,132,3,1
252,3,154.98,51.66,131,1,1
259,6,517.86,86.31,17,3,0
41,3,114.33,38.11,41,2,0
155,2,270.48,135.24,152,2,1
608,6,736.86,122.81,144,1,0
599,2,245.62,122.81,71,1,1
406,6,432.72,72.12,168,4,1
340,2,203.64,101.82,24,5,0
908,0,0.0,96.3,908,3,1
504,4,460.28,115.07,152,7,0
885,1,121.49,121.49,94,2,1
1054,4,395.16,98.79,63,3,0
347,1,100.03,100.03,86,4,1
222,4,378.52,94.63,9,2,0
1043,8,801.28,100.16,6,2,0
695,1,68.08,68.08,61,1,0
319,4,175.12,43.78,4,3,0
681,3,91.41,30.47,115,4,1
564,4,101.2,25.3,116,2,1
991,4,129.76,32.44,154,3,1
281,3,351.75,117.25,50,2,0
1085,2,293.3,146.65,147,2,1
1025,3,292.02,97.34,56,3,0
198,5,382.1,76.42,98,4,0
181,7,130.9,18.7,146,6,0
584,1,60.91,60.91,64,1,1
50,3,126.57,42.19,21,3,0
327,1,42.19,42.19,147,2,1
476,3,212.1,70.7,52,5,0
1061,4,387.76,96.94,40,3,0
1086,8,531.12,66.39,124,3,1
166,2,416.34,208.17,97,5,0
976,2,150.06,75.03,6,1,0
100,3,49.59,16.53,100,6,1
819,5,845.85,169.17,94,4,0
926,4,256.52,64.13,49,3,0
975,5,730.55,146.11,16,6,0
245,1,24.81,24.81,124,3,1
978,5,189.35,37.87,138,3,1
127,2,64.16,32.08,127,4,1
568,1,115.45,115.45,115,0,0
514,1,132.52,132.52,158,3,1
346,8,717.44,89.68,110,5,0
25,2,157.22,78.61,25,5,0
845,3,53.34,17.78,40,5,0
368,5,203.05,40.61,70,4,0
724,4,178.48,44.62,131,8,1
449,2,42.66,21.33,5,4,0
409,1,62.16,62.16,55,2,1
970,4,364.16,91.04,78,3,0
104,5,541.55,108.31,103,2,0
806,4,379.36,94.84,27,1,0
817,2,109.3,54.65,17,4,0
416,4,187.12,46.78,164,7,1
288,7,397.67,56.81,18,3,0
6,5,305.45,61.09,6,1,0
1025,3,93.27,31.09,35,7,0
1037,2,96.96,48.48,62,5,0
264,4,172.12,43.03,39,3,0
35,6,945.06,157.51,35,2,0
135,3,341.43,113.81,23,4,0
75,4,361.92,90.48,26,4,0
910,5,174.85,34.97,22,2,0
976,5,507.0,101.4,118,4,1
168,3,119.1,39.7,159,1,1
817,3,306.24,102.08,30,1,0
197,3,167.13,55.71,100,3,1
402,5,627.05,125.41,68,4,0
656,3,72.39,24.13,112,5,1
788,5,495.9,99.18,117,4,0
957,3,395.19,131.73,52,7,1
49,5,288.35,57.67,49,3,0
215,6,330.42,55.07,10,4,0
307,11,723.91,65.81,88,1,0
340,3,269.67,89.89,175,4,1
1092,6,273.12,45.52,162,2,1
851,3,123.24,41.08,10,2,0
351,8,1368.56,171.07,11,6,0
1064,8,426.96,53.37,149,1,1
547,4,253.72,63.43,38,2,0
548,1,49.42,49.42,120,3,1
475,3,282.51,94.17,98,3,0
158,4,172.0,43.0,74,3,0
1023,4,241.08,60.27,56,3,0
16,4,470.56,117.64,16,3,0
191,5,543.9,108.78,47,3,0
252,6,316.32,52.72,138,7,0
306,8,535.04,66.88,42,1,1
145,3,108.63,36.21,145,5,1
20,4,267.28,66.82,20,5,0
742,4,757.52,189.38,99,9,0
1061,8,836.08,104.51,18,0,0
134,2,72.02,36.01,39,4,0
325,6,129.78,21.63,114,3,1
554,3,109.89,36.63,104,5,0
1015,2,56.24,28.12,19,2,1
760,5,302.85,60.57,18,1,0
839,3,370.44,123.48,110,2,1
636,8,488.24,61.03,68,3,0
457,2,86.72,43.36,86,0,1
219,4,213.92,53.48,110,3,1
946,5,443.1,88.62,153,0,1
880,2,146.02,73.01,46,2,1
28,5,186.1,37.22,28,4,0
783,2,209.72,104.86,156,3,1
93,2,64.76,32.38,93,3,0
809,3,209.88,69.96,176,1,1
904,5,244.35,48.87,1,0,0
144,3,173.43,57.81,14,2,1
475,5,166.85,33.37,157,6,1
136,2,134.68,67.34,38,0,0
621,4,123.52,30.88,53,1,0
1015,4,186.52,46.63,86,2,1
89,2,111.26,55.63,89,5,1
435,4,150.72,37.68,7,2,0
1065,1,136.09,136.09,117,4,1
330,4,186.16,46.54,17,5,0
145,3,159.84,53.28,67,3,0
535,14,922.6,65.9,163,3,0
557,10,250.6,25.06,23,2,0
726,5,91.6,18.32,9,2,0
344,3,167.04,55.68,86,1,1
1046,4,82.88,20.72,45,4,1
570,3,237.72,79.24,45,2,0
314,3,244.44,81.48,77,4,0
1051,4,316.92,79.23,31,5,0
1012,1,100.27,100.27,4,2,1
547,10,555.3,55.53,167,4,0
28,4,553.32,138.33,28,2,0
654,6,447.9,74.65,75,2,0
608,3,396.06,132.02,150,0,1
163,1,97.62,97.62,163,1,1
694,6,340.44,56.74,72,2,0
920,2,148.64,74.32,29,5,0
116,1,88.24,88.24,37,3,0
792,6,104.82,17.47,173,2,1
154,2,50.64,25.32,154,3,1
820,6,920.88,153.48,126,5,0
459,2,175.48,87.74,123,5,1
8,5,578.25,115.65,8,4,0
1058,4,220.28,55.07,95,1,1
182,2,266.98,133.49,67,0,1
653,8,457.28,57.16,71,1,0
199,3,261.93,87.31,131,2,0
1021,4,576.8,144.2,98,0,0
808,3,281.31,93.77,78,2,1
880,5,162.9,32.58,45,2,0
473,4,238.72,59.68,118,4,1
512,3,228.39,76.13,81,0,1
694,2,181.6,90.8,10,5,0
859,5,623.0,124.6,124,1,0
927,6,547.44,91.24,61,4,0
20,5,306.9,61.38,20,3,0
726,3,160.8,53.6,178,4,1
120,8,443.36,55.42,120,5,0
315,5,235.45,47.09,13,1,0
908,5,228.3,45.66,133,3,1
275,4,456.92,114.23,53,4,0
872,4,279.4,69.85,136,0,0
507,4,190.84,47.71,63,4,0
255,1,64.84,64.84,103,1,1
366,3,149.34,49.78,126,3,1
581,2,38.36,19.18,34,6,0
838,6,551.4,91.9,25,5,0
663,5,591.9,118.38,127,2,0
1021,3,320.04,106.68,13,2,0
950,2,205.96,102.98,148,1,1
825,3,93.27,31.09,78,1,0
660,2,266.26,133.13,17,1,1
318,1,44.33,44.33,138,8,1
452,3,83.07,27.69,162,2,1
131,4,48.12,12.03,13,3,0
410,6,450.72,75.12,170,2,0
1014,2,270.02,135.01,75,5,0
466,2,248.78,124.39,121,3,0
125,4,264.72,66.18,48,5,0
714,3,336.75,112.25,20,3,0
1054,3,579.36,193.12,178,2,1
950,3,155.16,51.72,118,3,1
300,2,170.86,85.43,46,6,0
497,3,409.5,136.5,65,4,0
581,9,255.06,28.34,137,5,1
272,3,90.39,30.13,55,5,1
294,5,744.35,148.87,124,2,0
259,4,456.2,114.05,7,2,0
1089,8,334.08,41.76,178,2,1
817,7,234.08,33.44,131,4,0
920,5,153.75,30.75,61,1,1
894,3,221.13,73.71,103,5,1
1050,4,169.16,42.29,32,3,0
116,4,171.48,42.87,82,4,1
965,4,123.36,30.84,64,5,1
73,3,202.56,67.52,70,4,0
521,4,113.28,28.32,147,0,1
651,6,557.22,92.87,75,4,0
392,9,1139.67,126.63,2,5,0
160,9,680.85,75.65,82,2,0
211,7,796.18,113.74,10,4,0
903,1,59.66,59.66,86,3,0
349,6,231.42,38.57,123,0,1
340,3,156.15,52.05,18,1,0
1011,4,86.2,21.55,12,2,0
158,3,133.02,44.34,69,1,1
1002,3,173.7,57.9,87,1,1
1008,5,329.05,65.81,12,1,0
655,1,115.77,115.77,59,3,0
182,8,1115.04,139.38,140,2,0
171,6,443.1,73.85,103,8,0
312,3,97.68,32.56,95,1,0
632,2,64.66,32.33,19,3,0
169,5,224.25,44.85,144,1,1
499,2,80.16,40.08,107,3,1
127,2,149.62,74.81,78,1,1
592,4,135.0,33.75,111,4,1
24,4,565.36,141.34,24,6,0
776,2,210.98,105.49,122,2,0
61,4,472.72,118.18,54,4,0
214,0,0.0,43.53,214,4,1
192,2,67.48,33.74,43,3,0
910,4,167.76,41.94,66,3,0
59,3,206.25,68.75,59,4,0
470,1,64.41,64.41,42,6,1
647,8,1066.16,133.27,143,1,0
565,2,294.28,147.14,48,4,0
745,3,212.91,70.97,21,1,1
879,3,75.93,25.31,41,3,1
431,1,54.2,54.2,73,2,0
907,8,1945.28,243.16,9,3,0
348,8,210.72,26.34,17,4,0
1077,4,306.4,76.6,29,4,0
552,4,167.08,41.77,71,1,0
806,4,727.12,181.78,172,4,1
958,1,80.65,80.65,105,1,1
868,7,294.28,42.04,15,4,0
932,3,147.81,49.27,13,1,0
587,4,66.12,16.53,19,4,0
48,4,303.68,75.92,12,4,0
540,8,618.32,77.29,91,5,0
199,2,52.16,26.08,132,2,1
973,5,460.85,92.17,79,1,1
259,3,438.03,146.01,74,0,0
250,1,30.16,30.16,108,5,1
273,2,181.92,90.96,64,1,1
703,8,738.32,92.29,146,3,0
625,2,142.4,71.2,124,2,0
1039,6,444.24,74.04,178,2,1
456,5,240.55,48.11,16,1,0
309,3,48.12,16.04,79,4,1
54,2,159.14,79.57,54,5,0
8,3,313.71,104.57,8,3,0
409,2,70.54,35.27,140,1,1
1013,5,211.65,42.33,85,3,0
573,3,117.39,39.13,71,1,0
978,5,414.95,82.99,136,2,1
112,5,381.55,76.31,85,8,1
103,6,220.74,36.79,74,3,0
912,2,126.78,63.39,72,1,0
117,3,194.01,64.67,23,4,0
57,0,0.0,80.4,57,5,0
443,0,0.0,51.44,443,3,1
1012,3,363.99,121.33,6,5,0
755,3,243.06,81.02,73,3,0
109,2,240.28,120.14,109,6,0
916,7,558.74,79.82,28,2,0
923,2,167.84,83.92,55,1,0
876,4,90.76,22.69,174,3,1
988,3,228.72,76.24,141,5,1
263,6,374.94,62.49,158,4,1
1072,3,381.78,127.26,178,5,1
351,4,468.64,117.16,123,4,0
878,5,673.95,134.79,51,2,0
634,2,86.0,43.0,172,1,1
853,7,457.1,65.3,81,0,1
687,4,568.04,142.01,98,2,0
703,5,211.4,42.28,99,1,0
675,5,638.7,127.74,99,1,0
853,1,119.9,119.9,100,3,1
809,3,192.0,64.0,140,4,1
148,4,648.88,162.22,29,2,0
904,3,368.46,122.82,80,4,1
587,4,114.24,28.56,105,6,1
354,4,593.36,148.34,101,3,1
563,6,384.6,64.1,131,1,1
1058,3,248.73,82.91,61,1,0
939,4,332.64,83.16,170,4,1
913,2,189.88,94.94,3,2,0
507,4,574.96,143.74,131,2,0
858,2,164.52,82.26,31,2,0
422,0,0.0,61.44,422,4,1
751,5,180.15,36.03,5,6,0
700,5,248.3,49.66,42,4,1
274,3,354.36,118.12,71,4,1
292,4,530.16,132.54,18,4,0
67,3,159.78,53.26,60,1,0
153,4,422.16,105.54,115,3,1
475,8,376.16,47.02,30,2,0
523,4,75.52,18.88,113,2,1
181,3,76.62,25.54,85,5,1
457,7,869.47,124.21,152,2,0
661,6,117.84,19.64,115,2,1
255,3,301.29,100.43,81,2,0
371,4,314.32,78.58,149,3,1
403,4,514.04,128.51,31,0,0
553,3,220.74,73.58,103,2,1
401,2,178.78,89.39,41,2,0
807,3,232.29,77.43,82,6,1
359,0,0.0,83.49,359,3,1
475,2,133.36,66.68,108,7,0
416,7,632.59,90.37,57,2,0
201,4,227.92,56.98,120,3,1
751,5,567.55,113.51,33,2,0
258,5,363.95,72.79,31,4,0
325,2,217.44,108.72,20,2,0
868,3,128.4,42.8,87,1,1
1039,1,53.99,53.99,75,7,1
734,6,155.76,25.96,149,2,1
1003,5,421.95,84.39,61,4,0
935,6,493.08,82.18,105,3,1
527,5,244.65,48.93,174,2,1
843,2,137.34,68.67,111,2,1
360,3,106.53,35.51,155,3,1
504,5,599.4,119.88,92,5,0
586,3,353.01,117.67,34,9,0
1051,2,133.42,66.71,81,0,0
929,4,238.76,59.69,136,2,1
536,5,112.35,22.47,21,2,0
714,2,213.92,106.96,87,3,1
222,4,159.28,39.82,94,3,0
881,1,112.1,112.1,167,2,1
606,4,101.64,25.41,176,3,1
583,7,241.92,34.56,110,1,0
839,6,179.04,29.84,39,1,0
693,5,193.45,38.69,37,3,0
80,0,0.0,218.09,80,2,1
316,1,62.06,62.06,36,2,0
194,2,195.76,97.88,122,3,0
804,8,268.16,33.52,175,1,1
39,4,171.88,42.97,34,3,0
222,3,517.5,172.5,166,2,1
654,5,317.3,63.46,7,2,0
761,2,149.32,74.66,87,3,1
551,6,525.18,87.53,70,6,0
942,3,480.84,160.28,102,1,1
1006,5,52.35,10.47,88,7,1
145,4,496.44,124.11,99,2,0
1043,7,968.17,138.31,22,5,0
673,2,185.46,92.73,138,2,1
697,2,113.44,56.72,170,3,1
105,4,321.76,80.44,86,6,1
681,2,63.88,31.94,155,4,1
794,4,66.4,16.6,23,3,0
636,4,300.16,75.04,132,3,0
93,5,33.7,6.74,59,8,0
573,2,96.16,48.08,121,4,1
1024,5,175.55,35.11,103,4,1
792,4,225.92,56.48,8,3,0
151,4,237.32,59.33,64,4,0
1051,6,174.36,29.06,79,7,0
1050,4,359.56,89.89,147,1,1
186,5,667.75,133.55,20,3,0
877,5,159.5,31.9,171,0,1
445,2,60.88,30.44,9,2,0
650,8,518.56,64.82,44,5,0
488,2,34.04,17.02,26,3,0
857,4,263.0,65.75,161,5,1
1091,6,744.18,124.03,103,0,0
870,4,122.36,30.59,129,2,1
1019,4,617.6,154.4,124,3,0
1035,7,359.73,51.39,106,1,1
99,4,224.36,56.09,54,3,0
278,3,135.63,45.21,24,4,0
790,3,313.23,104.41,79,4,1
646,2,142.38,71.19,74,0,1
55,3,159.75,53.25,55,2,0
104,5,197.6,39.52,104,1,1
570,4,312.88,78.22,24,0,1
675,3,416.64,138.88,117,4,0
184,2,112.46,56.23,29,3,1
188,5,350.05,70.01,107,3,0
142,4,91.24,22.81,122,0,1
619,2,138.98,69.49,7,2,1
9,5,1098.75,219.75,9,1,0
627,3,84.39,28.13,58,4,1
521,5,410.5,82.1,88,5,0
510,7,329.07,47.01,88,3,1
744,1,21.62,21.62,86,4,1
572,3,153.27,51.09,116,2,1
797,5,957.55,191.51,37,2,0
836,3,243.96,81.32,155,3,1
1007,5,380.95,76.19,152,1,1
875,4,120.36,30.09,83,5,1
567,3,354.39,118.13,164,6,1
539,2,288.74,144.37,50,5,0
258,4,564.84,141.21,37,1,1
656,3,340.68,113.56,51,2,0
153,5,185.45,37.09,141,3,1
1019,4,125.76,31.44,25,1,0
925,3,45.96,15.32,55,6,0
131,5,168.8,33.76,27,7,0
860,8,637.36,79.67,80,5,0
129,1,33.43,33.43,55,1,0
790,3,364.23,121.41,148,3,1
96,6,793.26,132.21,96,4,0
535,4,511.88,127.97,160,1,0
720,5,93.15,18.63,75,4,0
798,5,381.45,76.29,96,2,1
458,4,284.4,71.1,155,7,1
1009,1,125.97,125.97,129,4,1
848,8,177.04,22.13,171,3,1
228,3,211.68,70.56,177,7,1
735,2,43.44,21.72,14,2,0
800,0,0.0,115.55,800,5,1
365,6,57.42,9.57,128,5,1
808,5,945.5,189.1,18,0,0
983,4,363.52,90.88,16,2,1
894,1,64.67,64.67,25,2,1
835,1,43.2,43.2,13,4,0
695,4,517.08,129.27,120,4,1
296,3,67.56,22.52,50,3,1
870,5,47.25,9.45,170,2,1
399,7,615.79,87.97,19,2,0
583,2,123.56,61.78,83,5,0
344,1,79.58,79.58,120,1,1
343,2,145.72,72.86,65,4,0
173,2,190.86,95.43,129,4,1
1052,5,324.35,64.87,152,5,1
162,2,101.82,50.91,116,4,1
95,2,132.42,66.21,95,2,1
1025,3,313.35,104.45,104,3,1
608,4,435.24,108.81,179,5,1
480,4,327.0,81.75,141,3,1
807,3,36.9,12.3,11,3,0
420,4,305.4,76.35,140,3,1
140,2,39.28,19.64,30,1,0
799,2,223.98,111.99,157,4,1
193,6,620.4,103.4,59,5,0
605,5,178.75,35.75,125,4,1
1039,10,935.5,93.55,133,1,0
1025,6,414.6,69.1,65,4,0
395,2,81.02,40.51,174,3,1
854,4,370.0,92.5,95,1,1
671,6,904.5,150.75,77,2,0
525,4,198.36,49.59,89,1,1
154,0,0.0,82.38,154,2,1
412,4,136.2,34.05,20,1,1
714,4,172.44,43.11,177,0,1
1080,1,66.78,66.78,147,2,1
6,3,117.81,39.27,6,8,0
786,3,112.59,37.53,165,3,1
926,4,122.2,30.55,111,2,0
1041,4,527.44,131.86,178,2,1
464,6,634.26,105.71,178,2,1
130,3,196.68,65.56,45,2,0
297,9,990.45,110.05,80,3,0
931,5,575.95,115.19,18,4,0
961,7,414.12,59.16,127,4,1
697,2,65.66,32.83,20,4,0
135,5,414.05,82.81,135,3,1
134,5,663.05,132.61,134,3,0
524,2,201.2,100.6,75,5,0
644,6,882.18,147.03,114,0,0
36,4,457.2,114.3,36,1,0
751,3,603.96,201.32,137,6,1
596,4,343.32,85.83,80,6,0
14,4,220.36,55.09,14,2,0
105,2,209.44,104.72,8,0,0
498,4,542.96,135.74,41,4,0
791,1,76.74,76.74,59,4,0
903,9,1041.84,115.76,66,3,0
472,3,154.44,51.48,122,2,0
324,3,341.94,113.98,143,2,1
1060,7,1780.17,254.31,10,4,0
502,0,0.0,51.8,502,1,1
346,5,398.85,79.77,148,3,1
484,2,193.84,96.92,92,4,1
14,2,127.12,63.56,14,3,0
331,4,215.92,53.98,80,1,1
565,3,212.07,70.69,110,2,1
1005,3,376.71,125.57,108,5,1
808,4,92.92,23.23,150,1,1
855,0,0.0,38.32,855,1,1
597,5,312.05,62.41,146,3,1
121,4,470.52,117.63,19,4,0
428,5,351.75,70.35,76,2,1
1091,3,137.55,45.85,88,2,1
49,4,621.92,155.48,49,5,0
962,4,313.72,78.43,173,3,1
749,3,160.05,53.35,81,3,1
311,2,192.12,96.06,63,3,1
852,4,373.52,93.38,162,6,1
916,5,398.4,79.68,134,2,1
48,6,264.48,44.08,48,1,1
117,1,116.31,116.31,117,3,1
729,7,1195.53,170.79,55,1,0
1094,3,262.08,87.36,44,4,0
27,4,103.08,25.77,4,1,0
729,4,874.84,218.71,15,6,0
150,1,95.58,95.58,150,4,1
712,4,141.52,35.38,14,1,0
682,2,225.88,112.94,138,2,1
99,3,398.85,132.95,14,1,0
745,9,648.27,72.03,42,1,0
982,5,100.25,20.05,64,3,1
945,1,82.0,82.0,39,1,1
32,7,242.69,34.67,23,4,0
270,4,389.52,97.38,178,3,1
264,3,135.87,45.29,73,3,0
496,5,455.05,91.01,77,3,0
157,3,163.65,54.55,136,2,0
935,3,252.78,84.26,165,3,1
850,4,459.2,114.8,54,4,0
885,3,349.89,116.63,82,2,1
217,3,124.2,41.4,87,4,1
16,2,117.46,58.73,16,2,0
997,6,362.52,60.42,23,3,0
317,5,405.9,81.18,166,8,1
718,4,553.0,138.25,126,2,0
995,2,129.8,64.9,123,8,1
40,2,183.74,91.87,40,4,1
6,7,440.86,62.98,6,4,0
6,6,272.76,45.46,6,1,0
172,4,97.88,24.47,22,7,0
57,0,0.0,52.53,57,3,0
898,1,31.2,31.2,42,3,0
663,5,162.05,32.41,139,2,0
1073,5,426.3,85.26,51,1,0
877,2,182.44,91.22,118,2,1
1054,5,598.2,119.64,111,3,0
261,6,103.98,17.33,131,7,0
315,3,324.96,108.32,172,1,1
930,2,17.24,8.62,77,3,1
268,7,319.55,45.65,156,5,0
63,8,504.88,63.11,54,0,0
733,5,227.35,45.47,174,3,1
877,4,276.08,69.02,90,1,1
1060,4,312.16,78.04,152,1,1
1016,2,13.92,6.96,149,4,1
132,1,92.91,92.91,115,0,0
845,7,351.33,50.19,174,7,1
926,5,530.1,106.02,122,3,1
764,2,216.56,108.28,109,1,1
897,6,442.62,73.77,46,3,0
917,7,815.85,116.55,68,1,0
489,5,193.85,38.77,2,2,0
44,6,276.6,46.1,44,7,0
500,4,67.64,16.91,110,1,1
221,4,379.36,94.84,126,0,1
125,3,209.34,69.78,114,5,1
137,5,313.35,62.67,45,2,0
763,5,301.0,60.2,180,6,1
552,3,164.49,54.83,79,4,0
591,4,130.36,32.59,126,3,1
816,6,168.48,28.08,25,5,0
600,4,685.88,171.47,108,1,1
690,1,89.7,89.7,73,5,1
95,6,369.54,61.59,95,4,1
932,6,340.98,56.83,138,3,1
491,3,251.64,83.88,169,2,1
170,2,259.78,129.89,57,4,1
890,4,299.24,74.81,119,2,1
804,4,830.84,207.71,114,5,0
59,3,290.91,96.97,46,3,0
212,4,201.4,50.35,59,2,0
18,4,110.64,27.66,18,4,0
297,2,252.2,126.1,27,2,0
110,6,214.98,35.83,73,2,1
777,3,318.84,106.28,134,2,0
572,6,509.58,84.93,152,3,1
1073,0,0.0,23.5,1073,4,1
820,4,330.72,82.68,121,1,1
670,4,368.36,92.09,149,5,1
558,3,165.99,55.33,42,0,1
60,6,319.2,53.2,60,0,0
77,2,114.8,57.4,77,4,0
675,2,248.6,124.3,148,0,1
5,4,205.6,51.4,5,3,0
47,3,54.27,18.09,28,2,0
240,2,140.0,70.0,10,1,0
968,3,48.93,16.31,111,1,1
503,5,405.95,81.19,50,6,0
777,4,135.48,33.87,67,4,1
451,4,238.56,59.64,84,0,0
190,5,171.3,34.26,135,1,1
407,4,597.04,149.26,64,2,1
101,9,760.86,84.54,101,1,1
843,2,65.9,32.95,90,6,1
201,7,521.29,74.47,10,1,0
412,2,57.58,28.79,125,3,1
1073,6,354.54,59.09,97,3,0
648,4,519.12,129.78,40,3,0
502,4,341.84,85.46,134,6,1
595,2,71.42,35.71,18,1,1
858,4,101.16,25.29,48,4,0
279,0,0.0,92.51,279,0,1
697,5,824.75,164.95,118,1,0
955,5,306.25,61.25,179,2,1
627,1,126.12,126.12,152,2,0
489,5,431.75,86.35,25,3,0
159,3,275.07,91.69,12,7,0
272,3,84.81,28.27,143,4,1
1035,2,117.6,58.8,105,4,0
593,4,245.8,61.45,65,2,0
330,2,24.54,12.27,160,7,1
458,2,86.2,43.1,33,2,0
633,3,139.14,46.38,23,5,0
589,2,70.38,35.19,90,4,1
766,4,229.48,57.37,49,5,0
282,3,309.75,103.25,42,3,0
711,7,735.42,105.06,113,7,0
485,3,417.84,139.28,55,2,0
1030,5,569.15,113.83,106,7,0
173,1,78.0,78.0,103,7,0
163,2,283.56,141.78,143,1,1
506,2,97.54,48.77,176,4,1
557,1,65.2,65.2,114,5,1
756,2,344.4,172.2,52,2,0
443,4,191.16,47.79,104,1,0
1000,3,30.42,10.14,87,1,0
519,2,51.5,25.75,82,4,1
142,9,548.28,60.92,63,0,0
131,2,69.9,34.95,15,2,0
1065,2,47.74,23.87,45,3,0
147,8,853.04,106.63,107,4,0
1037,5,432.35,86.47,13,2,1
305,5,65.05,13.01,29,2,0
103,2,238.4,119.2,103,2,1
334,4,792.76,198.19,180,2,0
673,4,170.32,42.58,31,2,0
469,2,174.96,87.48,15,1,1
860,5,160.5,32.1,63,5,1
669,2,144.52,72.26,14,3,1
439,3,267.51,89.17,162,1,1
695,3,183.36,61.12,142,3,1
1063,3,115.35,38.45,22,6,0
451,4,189.72,47.43,19,2,0
168,3,47.22,15.74,98,0,0
448,5,337.1,67.42,73,2,0
920,3,470.52,156.84,125,5,0
239,5,128.35,25.67,167,6,1
1039,2,277.38,138.69,61,3,0
644,5,271.65,54.33,142,2,1
659,5,77.3,15.46,60,2,1
347,2,214.92,107.46,42,2,0
1007,2,136.02,68.01,175,6,1
40,4,120.92,30.23,40,2,0
327,1,39.85,39.85,26,3,0
458,3,137.49,45.83,107,1,1
523,2,118.2,59.1,108,3,1
519,4,288.4,72.1,88,0,1
162,3,221.1,73.7,16,3,0
247,8,810.08,101.26,22,2,0
105,6,398.58,66.43,105,3,0
627,3,240.57,80.19,29,3,0
384,7,476.63,68.09,50,6,0
619,6,1451.88,241.98,145,4,0
646,4,25.2,6.3,61,4,0
768,6,158.88,26.48,63,3,0
599,5,159.8,31.96,165,3,1
709,9,582.39,64.71,144,1,0
643,7,478.31,68.33,128,3,0
714,6,330.48,55.08,35,3,0
675,4,351.2,87.8,52,1,1
346,5,476.35,95.27,108,5,0
270,3,176.22,58.74,151,5,0
862,7,715.96,102.28,91,4,0
375,3,160.02,53.34,134,5,1
601,3,231.96,77.32,59,3,1
216,5,46.0,9.2,66,4,1
472,1,59.32,59.32,110,2,1
580,4,418.68,104.67,103,4,1
685,2,15.62,7.81,23,2,1
576,5,325.8,65.16,70,8,0
395,5,154.1,30.82,155,4,0
1053,2,148.38,74.19,97,8,1
561,3,164.73,54.91,134,3,1
885,3,237.45,79.15,149,5,1
806,5,192.4,38.48,52,3,1
611,5,287.3,57.46,43,5,0
970,5,148.5,29.7,105,2,1
141,6,275.1,45.85,87,4,0
1008,5,353.2,70.64,163,3,1
931,8,141.2,17.65,33,0,0
551,1,59.22,59.22,77,3,1
803,5,128.55,25.71,9,5,0
570,6,314.88,52.48,66,2,0
295,6,138.12,23.02,106,2,0
876,5,919.65,183.93,144,4,0
270,3,313.14,104.38,152,3,0
345,3,164.16,54.72,1,2,0
569,3,414.21,138.07,157,1,1
917,4,157.4,39.35,124,3,1
421,3,362.82,120.94,37,4,0
541,4,320.64,80.16,39,3,0
46,2,81.0,40.5,46,1,1
127,3,268.05,89.35,125,8,0
62,2,214.56,107.28,38,5,0
79,6,363.66,60.61,79,3,1
951,2,199.82,99.91,155,2,1
922,5,474.0,94.8,4,2,0
900,3,224.64,74.88,93,1,1
61,4,91.76,22.94,61,2,1
85,8,584.88,73.11,1,1,0
307,9,64.08,7.12,99,0,0
619,3,178.71,59.57,101,4,1
366,0,0.0,85.75,366,7,1
534,8,252.64,31.58,98,4,0
190,2,203.22,101.61,127,2,1
800,1,44.4,44.4,52,3,0
344,2,64.26,32.13,90,4,0
73,3,278.91,92.97,73,4,0
813,1,140.15,140.15,7,0,0
988,3,203.88,67.96,39,4,1
17,4,537.2,134.3,17,3,0
478,3,121.59,40.53,89,2,1
905,1,35.29,35.29,175,4,1
773,6,695.76,115.96,154,2,1
938,4,344.2,86.05,40,3,0
455,3,74.46,24.82,180,3,1
408,4,589.64,147.41,156,4,1
776,1,59.59,59.59,76,3,1
169,7,439.95,62.85,112,6,0
262,6,955.32,159.22,51,1,0
658,5,682.45,136.49,15,1,0
732,5,652.15,130.43,43,5,0
131,3,121.86,40.62,131,4,1
557,6,448.44,74.74,103,4,0
400,5,417.4,83.48,80,2,0
549,5,166.55,33.31,87,5,1
1049,5,127.1,25.42,143,8,1
84,4,228.76,57.19,84,7,0
1090,3,302.88,100.96,115,3,1
492,8,65.04,8.13,91,2,1
845,3,197.82,65.94,1,0,0
465,1,27.85,27.85,61,5,0
341,6,639.3,106.55,23,4,0
844,1,76.65,76.65,140,4,1
753,5,137.3,27.46,64,3,0
158,0,0.0,107.81,158,2,1
772,1,76.34,76.34,87,5,1
824,4,217.52,54.38,87,5,1
425,4,741.12,185.28,168,1,1
1013,4,231.92,57.98,33,3,0
702,8,357.52,44.69,148,3,1
365,6,537.42,89.57,39,2,0
12,5,760.4,152.08,12,8,0
739,3,26.31,8.77,97,5,0
229,7,841.61,120.23,98,4,0
828,4,367.68,91.92,127,3,1
575,6,831.12,138.52,17,3,0
511,4,498.88,124.72,144,3,1
180,2,163.38,81.69,135,4,1
779,3,271.8,90.6,36,3,0
182,4,272.64,68.16,16,7,0
458,2,283.76,141.88,131,3,1
915,7,279.86,39.98,17,5,0
1007,1,67.63,67.63,105,1,1
1083,8,809.52,101.19,46,1,0
1049,3,323.82,107.94,130,6,1
609,4,432.64,108.16,167,3,1
220,3,258.66,86.22,152,3,0
918,3,325.77,108.59,135,5,1
877,4,361.48,90.37,116,0,1
1084,6,958.62,159.77,14,1,0
713,1,39.04,39.04,171,1,1
155,3,325.05,108.35,155,2,1
551,7,432.18,61.74,12,1,0
491,3,213.39,71.13,142,1,1
923,2,333.16,166.58,20,3,0
430,1,165.26,165.26,109,3,1
360,6,851.16,141.86,45,5,0
88,11,533.72,48.52,23,1,0
914,6,272.58,45.43,42,3,0
827,2,54.82,27.41,58,3,1
46,7,1041.67,148.81,46,0,0
475,4,136.12,34.03,55,5,0
525,7,385.42,55.06,84,0,1
514,7,340.41,48.63,116,2,1
1006,5,224.45,44.89,84,2,0
165,3,51.78,17.26,106,4,1
336,5,259.65,51.93,70,4,1
198,3,224.01,74.67,50,1,0
268,7,212.17,30.31,27,2,1
993,3,122.55,40.85,56,0,1
1030,0,0.0,136.78,1030,5,1
49,1,36.25,36.25,49,2,1
692,8,507.44,63.43,118,5,1
255,7,462.28,66.04,153,7,1
211,0,0.0,41.38,211,3,1
320,3,346.02,115.34,23,2,0
213,4,534.84,133.71,147,2,0
537,1,25.12,25.12,131,2,1
1090,4,192.04,48.01,57,3,0
642,5,196.8,39.36,180,2,1
792,2,110.7,55.35,116,3,1
540,2,132.22,66.11,135,2,1
16,5,90.65,18.13,16,4,0
93,5,329.6,65.92,80,7,0
295,4,54.24,13.56,63,4,1
267,3,498.06,166.02,132,2,1
920,3,379.92,126.64,147,6,1
923,1,12.51,12.51,155,5,1
935,7,519.47,74.21,60,7,0
698,4,82.88,20.72,139,4,1
609,6,637.56,106.26,124,3,0
711,4,204.76,51.19,3,6,0
446,6,724.38,120.73,144,3,1
734,3,330.24,110.08,24,2,0
870,3,164.94,54.98,24,3,1
835,1,62.88,62.88,20,3,0
672,3,120.27,40.09,99,3,1
64,8,173.36,21.67,6,2,0
794,2,130.4,65.2,91,2,0
402,7,680.89,97.27,129,4,0
814,3,209.67,69.89,97,4,0
591,3,182.76,60.92,49,1,1
965,5,451.15,90.23,61,1,0
371,9,537.84,59.76,130,2,0
1019,5,371.4,74.28,62,3,0
924,7,376.11,53.73,120,1,0
363,1,64.29,64.29,124,4,1
528,5,145.05,29.01,95,4,0
582,4,173.6,43.4,67,7,1
841,3,489.84,163.28,11,4,0
754,3,80.22,26.74,135,2,1
933,7,1187.55,169.65,55,1,0
405,5,362.85,72.57,82,4,0
553,4,85.52,21.38,5,4,0
472,5,539.75,107.95,134,2,0
996,4,103.04,25.76,164,1,1
334,2,204.24,102.12,159,5,1
643,3,253.29,84.43,56,2,0
132,1,69.61,69.61,17,5,0
931,3,235.23,78.41,18,2,0
421,4,323.72,80.93,69,6,0
373,7,409.29,58.47,1,1,1
638,8,1413.36,176.67,33,1,0
546,2,278.98,139.49,111,5,1
928,5,527.55,105.51,8,4,0
582,1,53.82,53.82,112,2,1
566,1,50.63,50.63,157,2,1
115,5,403.45,80.69,115,5,1
25,6,305.7,50.95,25,1,0
437,2,117.62,58.81,52,3,0
1093,4,426.56,106.64,117,2,1
1004,3,427.68,142.56,9,2,0
689,5,409.15,81.83,43,6,0
691,7,528.85,75.55,141,2,0
429,2,41.26,20.63,37,4,0
195,3,311.01,103.67,55,1,0
10,5,551.95,110.39,10,4,0
371,1,125.45,125.45,60,2,1
347,1,240.45,240.45,134,2,1
210,6,297.6,49.6,164,0,1
284,4,614.92,153.73,97,5,0
28,6,869.7,144.95,28,1,0
666,2,152.76,76.38,132,3,1
1015,4,103.64,25.91,73,2,1
756,1,135.26,135.26,82,1,1
491,5,782.7,156.54,172,2,0
460,6,191.22,31.87,70,3,0
337,1,98.41,98.41,48,2,1
156,8,584.16,73.02,4,2,0
655,3,211.86,70.62,4,5,0
620,3,63.9,21.3,139,3,1
9,3,400.05,133.35,9,2,0
455,1,54.15,54.15,134,3,0
305,1,190.6,190.6,8,1,0
187,5,306.15,61.23,144,2,1
770,5,248.75,49.75,74,4,1
576,1,53.36,53.36,147,5,1
694,6,378.78,63.13,150,4,1
781,6,372.18,62.03,103,3,1
1075,2,267.26,133.63,176,5,1
879,4,246.56,61.64,171,0,1
679,6,877.56,146.26,127,1,0
962,2,263.58,131.79,89,3,1
523,5,608.8,121.76,167,1,0
1078,3,328.74,109.58,175,4,0
834,3,105.42,35.14,74,7,1
713,6,683.28,113.88,59,6,0
989,3,396.15,132.05,55,3,0
564,2,302.78,151.39,169,6,1
789,3,67.11,22.37,28,7,0
312,4,513.48,128.37,1,5,0
1054,5,114.3,22.86,91,4,1
682,6,608.7,101.45,172,3,1
856,1,91.69,91.69,59,0,0
505,6,239.4,39.9,91,3,0
949,2,150.9,75.45,20,4,0
82,4,265.84,66.46,82,3,0
125,7,664.58,94.94,125,4,0
555,6,441.72,73.62,115,3,1
802,2,175.08,87.54,23,4,0
886,2,119.06,59.53,18,2,1
482,4,909.48,227.37,134,4,0
711,2,177.84,88.92,24,2,1
606,4,214.72,53.68,13,2,0
1052,6,309.48,51.58,161,2,1
716,2,221.08,110.54,95,4,1
457,0,0.0,291.35,457,0,1
1061,6,841.2,140.2,122,7,0
118,5,355.95,71.19,63,8,0
1078,3,61.08,20.36,43,3,1
169,6,248.94,41.49,94,4,0
316,0,0.0,48.83,316,1,1
899,3,58.2,19.4,54,3,1
803,3,192.03,64.01,107,2,1
1062,5,513.55,102.71,170,1,1
821,7,394.52,56.36,109,4,0
697,10,1174.6,117.46,136,3,0
380,7,357.84,51.12,57,7,0
6,6,166.92,27.82,6,2,0
136,2,91.12,45.56,68,2,1
326,4,168.8,42.2,125,4,0
45,4,92.76,23.19,9,4,0
556,4,145.0,36.25,156,3,1
851,5,85.35,17.07,54,3,0
1054,4,64.56,16.14,124,4,1
536,2,111.24,55.62,159,5,1
958,5,241.3,48.26,111,2,1
1079,6,1204.02,200.67,31,3,0
941,6,224.16,37.36,47,3,0
509,9,478.98,53.22,85,7,0
356,5,395.6,79.12,177,5,1
1070,3,366.87,122.29,122,9,1
265,3,444.66,148.22,111,4,0
451,4,318.88,79.72,145,2,1
81,3,193.8,64.6,26,1,0
869,5,219.65,43.93,15,2,0
711,1,73.76,73.76,106,1,1
93,6,849.24,141.54,93,0,0
243,3,216.72,72.24,47,4,0
608,3,270.57,90.19,113,3,1
592,4,455.52,113.88,28,2,0
878,3,257.52,85.84,36,4,1
292,8,760.8,95.1,161,5,1
1012,7,590.38,84.34,6,4,0
487,1,34.94,34.94,101,4,1
900,4,299.28,74.82,152,1,1
261,1,79.86,79.86,129,3,1
41,4,693.4,173.35,41,2,0
61,1,44.35,44.35,57,4,1
408,5,388.35,77.67,11,4,0
1043,4,221.64,55.41,23,5,0
54,7,1155.07,165.01,54,5,0
404,4,522.32,130.58,96,0,0
120,3,230.4,76.8,68,2,1
1020,5,32.05,6.41,53,2,0
739,2,267.86,133.93,15,4,0
835,3,73.26,24.42,23,3,0
781,7,123.2,17.6,52,3,0
719,3,353.31,117.77,167,1,1
847,3,277.44,92.48,59,3,0
9,5,437.0,87.4,9,3,0
947,5,228.55,45.71,104,4,0
810,2,42.98,21.49,23,2,0
809,3,24.06,8.02,73,4,0
431,7,609.77,87.11,132,2,1
877,4,111.64,27.91,20,2,0
418,4,385.36,96.34,167,5,1
54,3,92.43,30.81,54,3,1
994,1,77.94,77.94,165,3,1
257,2,67.92,33.96,132,1,0
112,5,557.95,111.59,112,3,0
681,2,169.84,84.92,92,4,1
256,3,221.25,73.75,3,5,0
939,4,151.8,37.95,12,4,0
486,3,70.56,23.52,33,2,1
5,7,612.29,87.47,5,2,0
1042,5,232.65,46.53,146,3,1
564,5,353.95,70.79,171,3,1
288,7,477.47,68.21,112,6,1
741,2,130.76,65.38,35,2,1
581,3,394.32,131.44,177,5,1
33,3,198.72,66.24,33,0,0
832,3,103.35,34.45,159,7,1
440,5,501.5,100.3,124,2,0
766,6,589.32,98.22,79,1,0
980,4,172.88,43.22,143,3,1
669,4,152.56,38.14,120,6,1
735,4,338.32,84.58,164,3,1
279,2,58.12,29.06,110,6,1
260,1,85.21,85.21,72,2,1
455,11,1676.29,152.39,18,3,0
933,8,796.4,99.55,179,5,0
574,3,471.66,157.22,141,1,1
381,4,284.36,71.09,19,0,0
853,10,709.7,70.97,110,4,0
934,5,380.15,76.03,149,5,1
988,4,360.84,90.21,126,7,0
328,7,609.42,87.06,49,3,0
777,0,0.0,39.08,777,3,1
646,3,201.99,67.33,169,2,1
492,6,773.76,128.96,67,4,0
435,10,335.4,33.54,157,4,1
126,5,21.15,4.23,84,3,0
301,3,227.85,75.95,138,2,1
602,4,356.96,89.24,44,1,0
970,4,356.88,89.22,109,1,0
948,5,115.4,23.08,101,2,1
206,4,131.72,32.93,39,4,1
744,2,252.42,126.21,123,9,1
93,1,125.04,125.04,84,0,1
739,3,207.42,69.14,118,1,1
375,4,329.04,82.26,7,3,0
493,3,107.31,35.77,23,4,0
786,5,136.15,27.23,128,5,1
465,5,91.15,18.23,180,4,1
884,5,134.1,26.82,21,5,0
584,6,493.26,82.21,5,5,0
1093,6,378.06,63.01,47,4,0
699,3,220.35,73.45,8,4,0
325,4,290.84,72.71,45,2,0
849,2,64.52,32.26,125,6,1
447,7,596.4,85.2,142,3,0
585,3,407.52,135.84,114,2,1
150,3,97.89,32.63,73,1,1
131,7,461.44,65.92,28,4,0
629,4,408.4,102.1,97,1,0
205,4,499.28,124.82,174,3,1
1092,7,637.28,91.04,38,4,0
937,5,178.45,35.69,98,2,0
767,2,33.38,16.69,61,4,0
804,4,221.96,55.49,65,2,0
652,7,428.4,61.2,93,1,0
66,1,124.92,124.92,31,4,0
430,6,313.5,52.25,35,4,0
543,4,127.8,31.95,8,2,0
1002,5,206.35,41.27,125,2,1
241,5,452.7,90.54,164,3,1
544,5,343.3,68.66,81,3,0
377,1,61.71,61.71,112,0,1
147,2,253.5,126.75,147,3,1
113,4,45.64,11.41,113,2,1
400,5,568.4,113.68,45,1,0
91,8,44.64,5.58,91,3,1
74,4,440.8,110.2,72,1,0
384,6,452.4,75.4,173,2,1
221,2,145.04,72.52,167,3,1
607,6,440.94,73.49,8,0,0
20,0,0.0,110.14,20,2,0
331,4,124.64,31.16,44,1,0
496,4,385.48,96.37,88,1,1
1054,4,448.12,112.03,135,4,1
695,3,191.7,63.9,23,3,0
964,5,226.5,45.3,3,0,0
376,1,19.61,19.61,74,6,1
492,4,1055.2,263.8,105,3,0
460,6,439.68,73.28,106,1,1
971,4,68.48,17.12,172,3,1
1050,4,137.92,34.48,46,3,0
1053,4,188.56,47.14,129,2,0
823,1,113.57,113.57,35,5,0
551,7,241.36,34.48,81,4,0
592,4,182.72,45.68,96,3,1
1073,5,514.45,102.89,78,0,0
312,3,161.97,53.99,32,2,0
380,6,428.76,71.46,35,4,0
982,3,76.2,25.4,158,3,1
423,4,117.08,29.27,172,5,1
258,5,159.8,31.96,14,3,0
614,6,393.18,65.53,42,3,0
356,9,638.91,70.99,178,1,1
975,2,150.58,75.29,22,9,0
995,5,632.4,126.48,97,3,0
335,7,315.49,45.07,53,1,1
580,1,21.68,21.68,178,5,1
1077,2,209.14,104.57,135,5,1
813,7,543.48,77.64,136,3,0
236,3,301.5,100.5,12,3,0
647,5,387.5,77.5,28,4,0
679,3,144.45,48.15,144,2,1
715,10,481.4,48.14,41,7,0
28,5,208.7,41.74,28,2,1
328,1,138.13,138.13,20,5,0
935,5,1037.1,207.42,4,1,0
265,6,562.26,93.71,132,2,0
328,7,407.05,58.15,32,5,0
353,3,131.67,43.89,31,3,0
195,0,0.0,85.33,195,6,1
171,4,102.52,25.63,129,1,0
380,5,459.45,91.89,39,1,0
957,5,211.1,42.22,155,3,1
2,3,21.39,7.13,2,3,0
310,7,1106.91,158.13,75,6,0
67,2,212.44,106.22,67,0,1
615,3,70.5,23.5,119,2,1
275,3,349.44,116.48,27,4,0
867,0,0.0,41.76,867,2,1
641,6,690.48,115.08,23,2,0
858,6,389.76,64.96,136,3,1
695,5,338.35,67.67,104,1,1
480,5,355.4,71.08,24,3,0
942,8,522.72,65.34,80,5,0
522,3,101.25,33.75,53,3,1
1040,2,316.74,158.37,169,3,1
1089,4,373.48,93.37,97,4,0
645,2,56.86,28.43,67,2,1
739,4,183.08,45.77,48,1,0
280,4,637.76,159.44,26,0,0
892,4,92.32,23.08,92,2,1
735,3,274.29,91.43,92,1,0
988,3,96.3,32.1,172,6,1
293,6,246.18,41.03,117,2,1
862,3,195.48,65.16,82,2,1
515,6,519.9,86.65,68,1,0
203,3,217.38,72.46,48,2,0
188,2,59.54,29.77,117,7,1
616,2,311.1,155.55,27,3,0
350,4,398.08,99.52,2,3,0
112,5,654.9,130.98,112,5,0
468,2,126.28,63.14,7,2,0
715,4,414.24,103.56,42,1,0
349,5,659.05,131.81,101,4,0
1046,3,246.33,82.11,35,6,1
853,3,241.77,80.59,121,1,1
561,6,542.94,90.49,100,0,0
1023,4,360.68,90.17,14,3,0
474,2,166.56,83.28,84,3,1
153,1,111.32,111.32,150,4,1
40,2,124.76,62.38,40,2,0
1027,2,298.7,149.35,122,1,1
1050,2,27.56,13.78,105,8,0
809,3,306.81,102.27,83,5,0
113,1,144.45,144.45,103,2,1
322,1,45.36,45.36,88,7,1
45,4,211.92,52.98,13,3,0
57,1,151.1,151.1,57,2,0
270,2,203.6,101.8,75,2,0
626,8,848.16,106.02,141,7,1
72,3,180.78,60.26,72,4,0
1078,4,228.6,57.15,104,4,0
498,2,120.78,60.39,69,4,0
289,5,281.25,56.25,114,1,1
565,7,426.86,60.98,180,3,1
865,2,191.24,95.62,151,2,1
342,3,164.82,54.94,43,5,1
52,6,193.86,32.31,51,4,1
56,1,140.23,140.23,56,2,1
933,8,360.64,45.08,119,4,0
123,4,211.8,52.95,122,4,1
696,7,175.63,25.09,141,3,1
421,5,406.2,81.24,99,5,0
851,3,132.15,44.05,149,5,1
67,3,94.29,31.43,8,3,0
983,13,1525.03,117.31,40,2,0
764,7,1228.36,175.48,93,5,0
492,3,145.56,48.52,95,6,1
227,2,205.1,102.55,174,2,1
1069,4,339.76,84.94,119,0,1
331,2,151.84,75.92,74,1,1
537,7,213.01,30.43,106,4,1
432,3,240.93,80.31,21,2,0
253,4,420.16,105.04,71,3,0
456,3,609.24,203.08,4,3,0
166,2,30.58,15.29,28,1,0
2,4,407.12,101.78,2,5,0
318,1,75.84,75.84,1,2,0
123,4,245.44,61.36,34,2,0
454,3,422.91,140.97,161,2,1
944,2,95.78,47.89,151,4,1
178,2,346.8,173.4,103,6,0
2,5,69.0,13.8,2,3,0
122,3,167.25,55.75,6,1,0
556,5,592.75,118.55,170,7,1
301,4,313.12,78.28,90,2,0
536,4,176.04,44.01,68,6,0
32,6,298.14,49.69,32,5,0
365,6,552.84,92.14,82,3,0
449,5,201.3,40.26,109,3,1
472,1,153.17,153.17,57,4,1
603,3,199.56,66.52,95,4,0
854,4,250.44,62.61,24,6,1
512,3,257.97,85.99,39,3,0
921,6,151.38,25.23,101,2,0
580,0,0.0,78.52,580,6,1
285,5,1102.6,220.52,34,6,0
251,4,261.32,65.33,105,2,0
353,3,230.58,76.86,11,1,1
654,2,218.44,109.22,92,3,0
266,9,1358.37,150.93,153,2,0
1001,2,155.98,77.99,62,4,0
525,3,182.01,60.67,144,1,1
945,8,929.52,116.19,71,3,0
748,1,39.94,39.94,167,4,1
365,4,594.76,148.69,114,1,0
250,7,877.87,125.41,59,0,0
814,10,1142.2,114.22,48,2,0
362,3,264.72,88.24,157,0,1
271,6,604.26,100.71,87,6,1
1018,1,100.65,100.65,72,2,1
528,3,248.82,82.94,106,4,1
54,4,192.6,48.15,14,5,0
542,7,717.15,102.45,34,0,0
505,7,209.09,29.87,83,2,0
946,4,137.0,34.25,53,1,1
779,6,919.62,153.27,100,1,0
210,3,101.1,33.7,63,3,1
165,1,133.8,133.8,78,3,0
661,3,98.49,32.83,141,2,1
52,4,252.76,63.19,52,4,1
350,4,269.2,67.3,53,5,1
152,7,166.11,23.73,64,1,0
23,6,572.58,95.43,23,6,0
1006,5,134.25,26.85,166,5,1
99,8,225.04,28.13,98,1,1
11,4,104.0,26.0,11,5,0
1021,1,13.57,13.57,108,2,1
207,3,338.67,112.89,130,2,0
894,4,197.84,49.46,169,4,1
35,4,230.4,57.6,35,2,0
168,6,376.02,62.67,125,4,0
122,2,102.04,51.02,100,3,1
773,6,190.92,31.82,31,3,0
679,2,94.88,47.44,159,3,1
521,2,124.8,62.4,86,4,1
265,6,182.7,30.45,125,1,0
98,2,97.3,48.65,98,3,1
623,9,1100.61,122.29,3,4,0
253,3,141.6,47.2,68,2,0
646,3,259.8,86.6,121,4,1
753,3,7.74,2.58,86,3,1
930,6,564.12,94.02,119,2,0
541,1,19.26,19.26,102,4,1
6,0,0.0,95.35,6,0,0
308,7,794.36,113.48,56,4,0
934,5,443.3,88.66,74,4,0
584,3,161.46,53.82,70,3,1
678,3,77.16,25.72,7,3,0
501,5,456.15,91.23,4,7,0
179,4,196.0,49.0,53,5,0
981,7,412.58,58.94,154,1,1
846,5,195.05,39.01,178,0,1
1089,8,502.8,62.85,151,4,0
936,4,242.4,60.6,170,2,1
319,2,66.22,33.11,167,1,1
279,6,505.86,84.31,124,3,0
272,3,459.06,153.02,23,4,0
1006,4,474.68,118.67,67,2,0
610,4,641.32,160.33,133,4,0
498,4,188.8,47.2,72,3,1
1060,5,179.7,35.94,49,4,0
661,3,50.94,16.98,7,6,0
995,5,276.75,55.35,61,4,0
1078,3,180.39,60.13,61,5,0
87,2,136.76,68.38,87,1,0
396,3,96.09,32.03,142,2,1
804,6,455.1,75.85,21,4,0
890,1,65.42,65.42,94,0,1
163,0,0.0,76.61,163,5,1
349,6,519.18,86.53,86,6,0
600,1,39.04,39.04,173,3,1
875,6,421.26,70.21,17,3,0
124,2,233.38,116.69,58,3,0
658,6,498.06,83.01,166,5,0
325,6,399.48,66.58,129,6,1
237,3,127.5,42.5,51,3,0
564,3,169.08,56.36,161,3,1
453,6,148.92,24.82,69,2,1
696,6,621.66,103.61,143,3,0
348,9,384.3,42.7,60,3,0
901,4,141.68,35.42,62,1,1
86,6,164.34,27.39,60,2,0
943,2,81.08,40.54,66,1,1
33,4,193.4,48.35,33,4,0
806,5,649.95,129.99,146,3,0
380,6,252.66,42.11,113,3,0
420,6,880.62,146.77,5,2,0
21,4,523.24,130.81,21,2,0
769,4,511.92,127.98,78,4,0
182,4,367.88,91.97,13,3,0
722,3,61.95,20.65,60,4,0
794,3,359.55,119.85,175,1,1
925,2,45.08,22.54,63,1,0
775,3,99.0,33.0,129,0,1
330,8,385.52,48.19,36,0,0
809,8,344.56,43.07,159,3,1
904,1,106.73,106.73,147,8,1
347,3,297.39,99.13,29,3,0
136,5,305.25,61.05,125,2,1
974,2,182.36,91.18,168,2,1
162,4,286.6,71.65,162,3,0
650,4,260.0,65.0,130,1,0
259,2,103.22,51.61,132,2,1
138,3,117.45,39.15,91,3,0
850,2,17.2,8.6,27,1,0
158,7,736.12,105.16,5,6,0
734,5,206.4,41.28,53,2,1
759,5,219.15,43.83,46,3,0
66,3,118.59,39.53,66,2,1
190,1,76.73,76.73,151,4,1
870,5,437.9,87.58,59,1,1
555,3,135.72,45.24,69,3,0
133,2,133.0,66.5,133,3,1
1086,4,188.48,47.12,123,3,1
290,2,210.56,105.28,160,3,1
5,2,161.62,80.81,5,5,1
1012,2,28.4,14.2,125,3,1
19,6,514.38,85.73,19,3,0
606,5,346.4,69.28,161,3,1
1087,4,148.76,37.19,69,1,0
633,3,101.76,33.92,46,2,0
640,8,788.08,98.51,164,4,0
425,2,204.32,102.16,30,6,1
139,3,214.83,71.61,53,3,0
627,8,366.24,45.78,25,5,0
982,5,189.6,37.92,151,3,1
100,5,194.75,38.95,100,5,0
964,4,209.72,52.43,77,5,1
455,5,576.7,115.34,18,2,0
587,4,75.48,18.87,43,1,1
181,6,392.16,65.36,105,5,0
681,10,527.5,52.75,62,1,0
200,5,408.35,81.67,136,3,0
299,3,97.68,32.56,144,2,1
790,3,169.98,56.66,79,4,1
56,3,302.91,100.97,56,0,1
490,4,288.28,72.07,12,1,0
651,1,47.87,47.87,25,1,1
145,3,109.83,36.61,61,3,0
323,6,785.82,130.97,23,3,0
376,2,51.08,25.54,3,3,0
727,2,282.3,141.15,124,3,1
1069,1,70.93,70.93,5,2,0
915,6,360.3,60.05,44,6,1
208,4,456.28,114.07,130,1,1
20,2,234.04,117.02,20,3,1
57,1,67.89,67.89,41,2,0
652,4,333.12,83.28,135,4,1
171,7,208.6,29.8,4,5,0
254,3,170.52,56.84,59,2,0
928,4,169.0,42.25,97,2,0
957,2,264.38,132.19,13,3,0
918,4,500.44,125.11,118,1,0
278,3,90.87,30.29,77,5,0
678,5,144.9,28.98,56,1,0
669,6,351.24,58.54,103,4,1
203,4,575.96,143.99,7,4,0
606,3,148.68,49.56,109,5,1
575,1,199.3,199.3,84,2,1
434,1,26.1,26.1,11,3,0
823,1,41.2,41.2,142,2,1
742,2,59.36,29.68,82,7,1
583,5,342.75,68.55,13,3,0
794,5,243.8,48.76,65,5,1
835,2,273.28,136.64,135,3,1
621,0,0.0,46.22,621,2,1
293,7,723.03,103.29,70,2,0
830,6,185.82,30.97,8,4,0
786,2,109.4,54.7,12,8,0
1076,5,82.55,16.51,54,7,0
164,3,436.02,145.34,49,3,0
459,3,175.14,58.38,116,6,1
1012,3,308.61,102.87,85,1,1
563,1,21.25,21.25,23,4,0
1032,4,98.04,24.51,118,5,0
14,3,94.53,31.51,14,4,0
39,1,43.4,43.4,39,3,0
871,3,348.48,116.16,179,0,1
393,4,190.2,47.55,87,1,0
570,4,344.8,86.2,65,1,0
469,3,494.52,164.84,11,3,0
447,4,212.44,53.11,123,3,1
1028,2,46.14,23.07,80,4,1
103,8,255.52,31.94,103,3,1
845,7,636.58,90.94,55,3,0
974,3,127.41,42.47,31,3,0
720,4,84.12,21.03,125,2,1
433,4,980.16,245.04,70,2,0
176,3,364.08,121.36,96,0,1
747,4,144.12,36.03,177,4,1
513,3,572.97,190.99,51,2,0
164,6,1304.22,217.37,23,4,0
394,1,170.24,170.24,129,1,1
1052,4,216.68,54.17,104,3,1
291,6,373.32,62.22,72,2,0
196,4,354.0,88.5,108,3,1
747,1,39.09,39.09,167,2,1
219,0,0.0,115.89,219,1,1
1007,4,314.32,78.58,143,1,1
940,4,455.64,113.91,97,4,1
1076,3,143.88,47.96,145,8,1
999,1,74.98,74.98,166,2,1
267,8,219.04,27.38,29,4,0
233,2,89.9,44.95,21,4,0
375,3,152.94,50.98,1,0,0
514,5,453.3,90.66,35,1,0
963,4,437.92,109.48,63,4,0
803,3,92.16,30.72,47,2,0
706,2,262.02,131.01,149,3,1
961,4,336.64,84.16,136,3,0
707,4,381.08,95.27,64,0,0
415,7,762.79,108.97,104,4,1
452,6,209.94,34.99,57,7,0
566,6,777.9,129.65,91,0,0
98,2,85.84,42.92,53,3,0
812,1,60.32,60.32,143,0,1
715,3,163.29,54.43,42,4,1
800,6,1147.92,191.32,177,0,1
585,5,179.5,35.9,168,1,1
857,5,853.0,170.6,36,3,0
1040,5,730.4,146.08,103,2,0
624,6,156.06,26.01,147,3,1
487,3,126.27,42.09,152,3,1
115,3,127.89,42.63,67,2,1
852,6,578.28,96.38,99,3,0
989,5,649.45,129.89,27,0,0
766,4,170.76,42.69,46,3,0
947,5,110.2,22.04,47,3,1
943,2,193.04,96.52,52,5,0
874,2,139.3,69.65,72,4,1
551,4,102.08,25.52,124,3,1
110,6,533.16,88.86,110,1,0
4,1,66.47,66.47,4,2,0
224,4,123.04,30.76,87,5,1
472,0,0.0,47.01,472,2,1
814,2,328.52,164.26,111,2,1
499,3,24.9,8.3,81,2,1
26,4,134.28,33.57,6,2,0
231,4,95.12,23.78,98,3,0
1072,5,276.5,55.3,12,5,0
1081,4,291.84,72.96,110,4,1
413,3,183.96,61.32,169,1,1
881,4,263.36,65.84,144,1,0
787,1,75.97,75.97,151,4,1
1019,3,140.25,46.75,84,5,1
972,3,674.07,224.69,89,7,0
688,0,0.0,69.18,688,0,1
432,6,163.5,27.25,37,8,0
686,5,312.1,62.42,177,3,1
350,2,193.68,96.84,8,3,1
381,1,105.18,105.18,179,3,1
666,4,354.72,88.68,176,3,1
626,4,287.6,71.9,170,2,1
636,5,174.2,34.84,2,0,0
421,4,322.52,80.63,172,1,1
448,4,246.08,61.52,43,5,0
12,2,82.74,41.37,12,2,0
659,4,276.68,69.17,124,2,0
630,1,108.64,108.64,72,2,1
1024,8,172.56,21.57,169,0,1
552,5,173.5,34.7,90,3,1
512,3,300.48,100.16,22,3,0
75,6,177.18,29.53,44,3,1
216,3,377.61,125.87,140,6,1
370,6,339.42,56.57,104,2,0
413,4,351.68,87.92,60,4,0
397,3,293.22,97.74,40,8,1
432,6,383.04,63.84,123,1,0
842,5,658.8,131.76,48,3,0
144,2,141.1,70.55,18,1,0
364,8,598.88,74.86,101,2,0
179,4,103.24,25.81,156,3,1
337,0,0.0,167.36,337,4,1
749,2,217.6,108.8,128,2,1
52,4,129.56,32.39,52,4,0
372,6,156.12,26.02,173,1,1
26,1,51.14,51.14,26,4,0
1045,7,387.94,55.42,91,6,1
796,7,468.3,66.9,42,1,0
267,5,636.0,127.2,160,4,1
217,5,655.25,131.05,9,1,0
109,1,107.25,107.25,98,5,1
518,5,76.1,15.22,48,1,1
825,0,0.0,154.34,825,1,1
640,2,231.24,115.62,177,3,1
964,5,462.65,92.53,18,6,0
377,6,342.6,57.1,10,3,0
305,3,264.24,88.08,147,4,1
523,4,91.84,22.96,126,2,1
222,4,343.72,85.93,75,2,0
1068,1,112.46,112.46,41,6,0
204,4,315.28,78.82,109,1,1
524,1,56.66,56.66,47,5,0
572,3,401.64,133.88,118,4,1
63,3,625.86,208.62,63,1,0
513,3,275.01,91.67,140,3,1
498,5,555.85,111.17,119,4,1
284,7,454.44,64.92,104,3,0
140,2,100.98,50.49,18,3,0
50,1,116.36,116.36,50,1,0
10,6,1085.88,180.98,10,5,0
527,5,214.65,42.93,94,2,1
99,4,132.52,33.13,99,3,1
1050,3,143.28,47.76,111,2,0
268,3,124.35,41.45,43,3,0
714,5,697.65,139.53,80,2,0
737,4,521.96,130.49,23,1,0
543,3,139.14,46.38,140,1,1
967,8,609.6,76.2,27,2,0
122,2,67.28,33.64,122,2,1
257,4,253.04,63.26,115,4,0
277,0,0.0,32.52,277,2,1
149,6,342.84,57.14,91,1,0
323,5,165.45,33.09,27,1,0
343,1,133.25,133.25,118,4,1
837,5,389.25,77.85,68,2,0
330,2,169.78,84.89,142,3,1
960,5,213.1,42.62,152,2,1
846,5,262.6,52.52,166,3,1
987,6,444.66,74.11,166,2,1
116,4,721.64,180.41,116,4,0
1078,3,206.52,68.84,49,2,1
672,5,736.4,147.28,50,5,0
1075,6,331.02,55.17,170,2,1
389,5,354.75,70.95,174,0,0
1043,6,767.28,127.88,50,5,0
644,3,312.24,104.08,117,4,1
79,5,204.8,40.96,79,2,1
449,4,344.48,86.12,153,2,1
151,4,357.28,89.32,151,3,0
1030,6,586.86,97.81,64,5,0
334,6,258.84,43.14,91,6,0
244,6,176.22,29.37,108,5,1
605,5,761.15,152.23,172,7,1
466,5,1053.2,210.64,177,2,0
107,8,772.88,96.61,99,4,0
894,4,213.44,53.36,154,2,1
926,5,695.8,139.16,69,5,0
813,4,151.68,37.92,109,1,1
675,2,79.82,39.91,146,1,1
441,2,316.52,158.26,160,5,1
594,7,1401.26,200.18,20,7,0
570,9,444.51,49.39,14,3,0
181,4,169.72,42.43,39,4,0
90,5,348.5,69.7,19,8,0
278,4,141.48,35.37,39,4,0
498,8,208.88,26.11,171,2,0
176,4,107.32,26.83,112,2,1
117,3,253.92,84.64,18,2,0
933,8,537.04,67.13,128,1,0
411,5,635.55,127.11,170,1,1
640,4,634.24,158.56,151,4,1
574,6,565.38,94.23,154,2,0
805,3,106.2,35.4,162,6,0
810,7,113.47,16.21,136,3,1
324,4,223.64,55.91,158,3,0
928,3,154.14,51.38,144,2,1
407,3,109.95,36.65,123,5,0
914,6,555.72,92.62,36,3,0
443,5,483.65,96.73,165,6,1
122,1,82.9,82.9,17,3,0
832,6,1236.42,206.07,50,3,0
33,4,110.4,27.6,33,2,1
845,3,174.21,58.07,131,6,1
48,3,206.73,68.91,48,4,0
227,4,213.56,53.39,14,3,0
661,3,147.12,49.04,142,3,1
1031,3,318.21,106.07,23,4,0
447,5,217.7,43.54,110,3,0
132,2,76.8,38.4,41,0,0
255,3,288.99,96.33,103,4,1
981,4,379.16,94.79,19,3,0
796,5,123.25,24.65,7,2,0
110,3,384.84,128.28,110,3,0
422,7,1306.27,186.61,93,2,0
290,4,77.84,19.46,84,1,1
195,2,213.36,106.68,71,2,0
927,3,240.63,80.21,164,2,1
676,4,301.68,75.42,141,4,1
197,4,531.08,132.77,86,3,1
712,8,634.32,79.29,23,2,0
453,6,464.28,77.38,126,3,0
68,1,51.49,51.49,37,3,0
493,1,136.46,136.46,58,4,0
203,3,71.82,23.94,119,1,0
269,2,236.0,118.0,172,6,1
962,11,463.76,42.16,40,4,0
778,5,336.4,67.28,7,3,0
147,7,250.11,35.73,77,2,0
932,4,220.84,55.21,126,1,1
629,10,397.0,39.7,119,2,0
957,10,586.3,58.63,172,2,1
818,4,491.16,122.79,38,3,0
372,8,405.12,50.64,142,4,0
586,3,64.02,21.34,140,1,1
581,3,276.21,92.07,149,2,1
788,3,141.45,47.15,163,1,1
272,6,237.9,39.65,54,2,0
365,7,493.85,70.55,56,6,0
268,6,67.38,11.23,82,3,0
324,8,390.4,48.8,63,3,0
177,6,831.3,138.55,25,3,0
40,1,88.83,88.83,40,4,1
1029,7,477.05,68.15,68,1,1
82,8,514.8,64.35,82,2,0
972,6,736.8,122.8,2,4,0
4,5,236.6,47.32,4,2,0
851,3,170.49,56.83,141,1,0
360,3,35.07,11.69,24,5,0
567,6,388.14,64.69,172,2,1
309,4,367.36,91.84,131,4,1
537,5,249.75,49.95,127,4,1
495,8,676.16,84.52,139,3,0
580,2,113.32,56.66,146,3,1
431,3,260.4,86.8,73,1,0
588,4,294.32,73.58,93,4,0
904,5,211.45,42.29,110,3,1
476,3,172.68,57.56,35,1,0
396,4,259.32,64.83,12,2,0
145,4,255.6,63.9,130,1,0
394,4,637.92,159.48,45,6,0
138,3,188.34,62.78,54,2,0
200,7,980.84,140.12,19,3,0
1042,2,69.02,34.51,83,4,0
98,2,170.06,85.03,98,1,1
528,1,106.49,106.49,163,1,1
913,2,48.22,24.11,89,5,1
1043,3,280.05,93.35,68,4,0
161,4,59.12,14.78,143,3,1
179,5,230.45,46.09,53,0,1
408,7,488.25,69.75,3,6,0
607,6,967.02,161.17,6,4,0
1051,3,280.71,93.57,153,2,1
228,4,180.52,45.13,127,5,0
180,4,485.0,121.25,33,2,0
277,0,0.0,22.49,277,2,1
957,2,57.72,28.86,151,3,1
33,3,54.06,18.02,33,1,0
416,2,168.58,84.29,87,5,1
131,5,245.8,49.16,66,2,0
172,1,71.41,71.41,69,1,1
1004,3,85.29,28.43,142,1,1
2,3,385.98,128.66,2,6,0
352,2,243.14,121.57,161,4,1
1002,4,94.96,23.74,43,2,1
666,5,169.5,33.9,43,3,0
79,4,563.44,140.86,68,3,0
509,5,243.25,48.65,143,1,1
1063,4,117.88,29.47,1,5,0
439,2,153.16,76.58,28,4,1
579,3,152.31,50.77,68,4,1
582,4,114.44,28.61,26,2,0
723,3,492.93,164.31,70,5,1
205,3,52.92,17.64,78,4,1
919,1,60.83,60.83,112,2,1
1082,2,216.0,108.0,59,2,1
156,2,267.56,133.78,97,3,1
896,4,378.76,94.69,178,2,1
894,6,671.16,111.86,84,2,0
812,12,1218.96,101.58,145,2,0
406,2,139.42,69.71,50,1,1
513,4,155.84,38.96,161,3,1
919,2,105.2,52.6,103,2,1
168,0,0.0,32.33,168,1,1
907,4,293.32,73.33,164,1,1
1008,4,153.96,38.49,129,4,1
746,6,371.64,61.94,62,3,0
374,1,57.87,57.87,109,2,0
612,4,324.28,81.07,171,1,1
55,4,247.2,61.8,18,3,1
1020,3,195.93,65.31,8,6,0
375,1,26.11,26.11,143,6,1
63,2,90.46,45.23,52,3,0
870,3,11.43,3.81,154,3,1
720,6,553.38,92.23,139,1,0
682,5,278.4,55.68,165,2,1
60,2,101.72,50.86,60,2,0
822,5,373.45,74.69,170,1,1
698,4,273.08,68.27,112,9,1
869,3,221.19,73.73,20,5,0
906,7,569.52,81.36,38,2,0
232,4,243.72,60.93,159,1,1
231,5,159.6,31.92,53,2,1
1011,1,28.36,28.36,171,3,1
581,9,386.1,42.9,158,5,1
480,2,304.14,152.07,125,5,1
315,3,199.44,66.48,25,2,0
700,2,174.96,87.48,34,3,0
825,5,260.35,52.07,134,2,1
3,4,233.12,58.28,3,3,0
605,1,39.23,39.23,73,2,0
1087,2,179.42,89.71,17,7,0
308,5,276.15,55.23,83,7,0
308,1,94.87,94.87,1,5,1
961,1,12.58,12.58,26,5,1
68,1,97.59,97.59,68,4,1
435,6,211.32,35.22,136,4,1
502,5,197.3,39.46,176,3,1
873,1,110.82,110.82,165,4,1
142,1,119.66,119.66,142,3,1
475,7,488.67,69.81,74,2,0
167,5,575.15,115.03,46,3,0
862,1,45.36,45.36,124,3,1
692,3,152.16,50.72,112,3,1
544,6,814.68,135.78,78,4,0
430,3,47.94,15.98,90,0,1
168,5,443.25,88.65,37,3,0
1009,4,241.08,60.27,90,2,0
709,2,151.12,75.56,174,3,1
350,1,68.83,68.83,78,4,1
453,5,373.4,74.68,94,0,0
795,2,118.92,59.46,170,2,1
788,3,221.91,73.97,154,7,1
505,4,352.12,88.03,143,1,1
332,6,315.0,52.5,1,2,0
722,4,242.2,60.55,153,3,0
721,7,506.45,72.35,14,1,0
657,2,231.16,115.58,7,2,0
80,7,151.2,21.6,64,4,0
518,3,101.22,33.74,75,2,1
672,5,834.7,166.94,22,2,0
1040,5,411.75,82.35,108,2,1
575,4,322.72,80.68,166,1,1
375,4,862.32,215.58,119,5,1
609,2,159.78,79.89,173,3,1
194,3,145.62,48.54,162,3,1
100,3,32.94,10.98,100,3,1
742,2,117.04,58.52,31,4,0
1079,4,268.8,67.2,115,6,1
926,4,422.24,105.56,17,3,0
639,5,544.0,108.8,140,1,0
45,4,360.44,90.11,45,3,0
1081,7,826.84,118.12,22,5,0
492,4,296.88,74.22,92,1,1
317,5,111.2,22.24,23,4,0
977,4,223.6,55.9,98,4,0
817,4,224.72,56.18,82,4,1
821,7,492.03,70.29,161,1,1
304,3,361.65,120.55,50,3,0
1086,4,255.24,63.81,135,3,1
496,7,453.18,64.74,119,2,0
582,4,925.68,231.42,132,3,1
822,6,213.3,35.55,174,7,1
723,4,313.08,78.27,34,3,0
189,2,91.8,45.9,3,2,0
331,3,248.79,82.93,112,1,1
396,4,515.4,128.85,23,5,1
1037,5,493.8,98.76,82,4,0
782,1,77.38,77.38,94,3,1
401,2,130.88,65.44,110,4,1
804,5,591.05,118.21,3,2,0
808,9,920.16,102.24,104,1,0
432,3,197.82,65.94,141,2,1
442,4,868.12,217.03,5,2,0
979,6,251.04,41.84,72,2,0
615,2,415.22,207.61,62,1,0
164,2,241.74,120.87,62,2,1
788,2,57.44,28.72,83,3,1
645,3,133.92,44.64,26,2,0
557,2,155.5,77.75,91,0,1
794,0,0.0,23.91,794,2,1
993,3,311.37,103.79,18,4,1
362,4,256.36,64.09,97,4,1
459,5,532.1,106.42,162,2,0
208,5,493.2,98.64,128,7,1
708,3,173.4,57.8,61,1,0
441,6,272.22,45.37,63,3,1
375,9,128.07,14.23,89,0,0
762,6,1277.64,212.94,7,3,0
447,3,284.61,94.87,120,2,1
509,2,62.46,31.23,25,3,0
482,6,383.76,63.96,130,4,1
283,8,940.16,117.52,68,2,0
138,1,69.39,69.39,69,3,0
905,4,104.08,26.02,80,2,0
101,8,814.8,101.85,24,2,0
356,4,104.68,26.17,44,2,0
731,2,220.44,110.22,38,4,0
144,0,0.0,84.38,144,5,1
718,3,195.84,65.28,30,4,0
802,2,127.18,63.59,24,5,0
726,6,336.18,56.03,44,2,0
334,1,94.67,94.67,77,4,0
22,4,120.72,30.18,22,1,0
971,2,94.98,47.49,77,2,1
358,3,432.06,144.02,97,4,0
881,4,799.2,199.8,94,3,0
217,10,601.0,60.1,31,7,0
178,7,508.62,72.66,2,0,0
852,6,202.92,33.82,123,4,1
1029,9,371.25,41.25,170,1,0
942,3,44.7,14.9,12,4,1
822,5,109.55,21.91,166,2,1
270,6,310.02,51.67,164,3,1
1000,3,339.03,113.01,142,1,1
731,3,196.17,65.39,102,3,1
189,5,700.75,140.15,62,2,0
142,2,95.48,47.74,107,1,1
954,4,502.32,125.58,3,0,0
302,2,470.9,235.45,52,1,1
838,2,166.1,83.05,71,3,1
152,6,85.02,14.17,93,1,0
307,3,41.67,13.89,50,2,1
311,3,68.7,22.9,77,0,1
308,3,119.01,39.67,131,8,0
739,4,434.48,108.62,172,1,1
1001,3,151.62,50.54,149,1,1
996,5,627.2,125.44,14,1,0
812,1,44.64,44.64,107,2,1
222,6,1383.96,230.66,83,5,0
1051,5,723.2,144.64,94,2,1
594,3,144.72,48.24,143,2,1
598,3,109.29,36.43,59,3,1
768,6,874.2,145.7,99,4,0
842,4,122.4,30.6,160,5,1
1043,4,183.48,45.87,102,5,1
638,4,120.96,30.24,100,4,1
668,4,304.24,76.06,165,0,1
816,1,130.4,130.4,6,3,0
280,5,247.05,49.41,68,1,1
337,7,805.98,115.14,89,2,0
685,3,237.93,79.31,1,7,0
71,4,118.36,29.59,71,4,0
351,3,140.7,46.9,167,2,1
786,6,131.82,21.97,142,3,1
1068,1,28.56,28.56,6,6,0
569,4,681.04,170.26,158,3,1
438,3,214.41,71.47,144,1,1
482,4,258.96,64.74,158,2,0
750,4,281.6,70.4,26,4,0
596,5,178.85,35.77,162,1,1
26,8,406.88,50.86,4,2,0
590,2,165.18,82.59,7,2,0
438,3,53.79,17.93,64,5,1
767,6,69.0,11.5,147,0,1
958,2,88.06,44.03,156,3,1
1053,3,118.2,39.4,115,3,1
668,3,405.96,135.32,7,3,0
397,6,214.2,35.7,158,2,0
486,4,335.16,83.79,48,2,0
194,5,196.5,39.3,135,3,1
1024,2,161.54,80.77,51,3,1
927,2,144.58,72.29,102,0,1
935,2,310.3,155.15,18,4,0
359,3,100.14,33.38,180,3,1
353,7,234.36,33.48,17,0,0
938,3,757.02,252.34,173,3,1
596,4,510.52,127.63,164,4,1
771,7,324.87,46.41,28,2,1
536,1,34.75,34.75,126,5,0
485,6,188.7,31.45,62,4,0
692,7,870.52,124.36,57,3,0
890,7,289.45,41.35,59,1,0
366,1,36.47,36.47,43,5,1
886,2,71.6,35.8,174,3,1
268,2,183.16,91.58,8,6,0
441,5,276.95,55.39,64,5,0
999,3,380.4,126.8,65,3,1
1045,1,191.28,191.28,76,3,0
1011,3,217.08,72.36,55,3,0
346,6,462.66,77.11,120,1,0
923,5,267.05,53.41,166,0,1
1025,6,422.64,70.44,121,4,1
1071,4,59.24,14.81,40,5,0
23,2,163.16,81.58,23,1,0
816,6,664.56,110.76,73,2,0
1091,4,119.72,29.93,56,2,0
837,7,1207.22,172.46,123,3,0
256,2,89.28,44.64,176,0,1
835,2,292.22,146.11,58,3,0
116,4,386.32,96.58,37,3,0
526,2,54.88,27.44,141,0,1
686,4,490.4,122.6,86,4,1
500,5,325.7,65.14,131,2,0
766,4,346.16,86.54,82,3,0
263,5,271.5,54.3,7,2,0
664,4,239.04,59.76,66,3,1
706,6,109.08,18.18,155,3,1
694,3,271.77,90.59,169,0,1
317,2,128.28,64.14,66,3,1
335,6,465.06,77.51,125,3,0
283,4,351.96,87.99,18,5,0
506,4,336.28,84.07,40,4,1
642,2,185.72,92.86,126,3,1
397,3,53.49,17.83,8,4,0
449,6,331.38,55.23,135,4,0
314,9,243.27,27.03,174,6,0
240,3,24.24,8.08,13,0,0
720,1,85.57,85.57,105,0,0
893,1,189.15,189.15,64,2,0
319,6,55.8,9.3,116,3,0
942,4,363.84,90.96,162,8,1
625,5,256.6,51.32,15,6,0
184,5,300.05,60.01,121,2,1
401,6,534.84,89.14,33,4,0
9,4,326.64,81.66,9,6,0
43,1,54.27,54.27,43,1,0
368,4,178.96,44.74,91,2,1
498,3,246.66,82.22,138,2,0
873,2,23.62,11.81,110,4,1
147,6,531.84,88.64,63,4,0
919,6,308.82,51.47,118,2,1
257,0,0.0,137.99,257,2,1
152,6,379.98,63.33,13,3,0
766,3,401.82,133.94,111,4,0
848,3,97.29,32.43,61,7,1
662,4,122.04,30.51,27,5,0
127,4,153.88,38.47,95,2,0
127,2,304.66,152.33,93,4,0
427,4,246.88,61.72,132,2,1
493,3,130.62,43.54,78,4,1
1093,3,243.9,81.3,134,2,0
314,4,159.96,39.99,51,2,1
211,5,403.6,80.72,109,6,1
1035,5,307.35,61.47,174,1,1
169,6,254.7,42.45,106,1,0
29,2,127.4,63.7,29,3,0
463,3,191.28,63.76,67,2,0
439,4,418.64,104.66,122,2,1
678,7,182.63,26.09,151,6,1
961,4,188.8,47.2,158,3,1
1021,4,292.92,73.23,165,4,1
317,2,73.96,36.98,56,5,1
1074,9,511.38,56.82,153,9,1
693,5,209.55,41.91,63,4,1
77,6,300.48,50.08,77,2,0
1027,2,61.4,30.7,2,2,0
151,8,1516.08,189.51,151,2,0
644,5,61.75,12.35,39,4,0
866,4,166.96,41.74,37,1,0
273,1,63.08,63.08,101,1,1
297,6,376.08,62.68,93,2,0
521,3,376.11,125.37,29,4,0
969,2,51.74,25.87,97,1,1
245,3,56.07,18.69,145,0,1
726,4,182.96,45.74,88,2,1
496,5,315.65,63.13,105,3,0
123,3,156.99,52.33,123,3,1
778,4,440.2,110.05,33,1,0
911,1,28.41,28.41,59,3,1
630,5,214.25,42.85,161,4,1
193,1,87.89,87.89,30,2,1
171,3,191.4,63.8,46,1,0
464,5,634.45,126.89,50,2,0
555,9,575.1,63.9,149,1,0
605,3,76.86,25.62,26,0,0
267,4,471.56,117.89,68,2,0
548,3,330.69,110.23,73,5,1
323,3,241.95,80.65,15,0,0
751,2,418.24,209.12,22,0,0
872,6,394.56,65.76,68,3,0
715,6,413.46,68.91,16,5,0
2,4,434.4,108.6,2,6,0
1086,4,301.56,75.39,82,2,1
27,4,273.72,68.43,2,3,0
1094,5,91.75,18.35,109,2,1
35,5,117.35,23.47,35,1,0
566,3,70.26,23.42,110,2,1
116,3,152.22,50.74,103,1,0
105,2,260.9,130.45,17,1,0
748,0,0.0,168.6,748,0,1
797,4,562.12,140.53,175,3,1
130,6,864.54,144.09,66,3,0
1069,3,102.51,34.17,22,2,0
351,3,191.31,63.77,39,1,0
349,5,155.3,31.06,119,2,1
325,7,550.9,78.7,116,1,0
505,1,51.07,51.07,160,2,1
195,4,75.4,18.85,74,4,1
465,3,254.64,84.88,160,1,1
230,6,235.56,39.26,50,2,1
57,2,119.38,59.69,57,2,0
404,2,90.06,45.03,119,2,1
736,7,642.18,91.74,50,2,0
835,4,280.08,70.02,67,3,0
387,4,253.08,63.27,150,5,1
355,3,413.22,137.74,105,3,0
862,5,235.25,47.05,111,4,0
746,4,327.2,81.8,113,2,1
911,2,96.32,48.16,143,3,1
992,2,467.5,233.75,175,2,1
899,4,482.0,120.5,72,7,0
1025,4,652.28,163.07,64,8,0
456,6,413.1,68.85,165,1,1
432,3,370.29,123.43,87,2,1
352,4,115.96,28.99,168,1,0
258,7,179.34,25.62,159,2,1
820,1,55.59,55.59,133,3,1
782,3,232.11,77.37,130,5,1
877,7,917.28,131.04,170,3,0
184,3,196.47,65.49,50,4,1
538,1,55.15,55.15,82,4,0
243,6,615.18,102.53,99,3,0
977,5,789.55,157.91,36,3,0
293,5,533.2,106.64,94,8,1
158,3,255.93,85.31,119,2,1
624,4,491.36,122.84,91,5,0
962,7,821.38,117.34,118,2,1
1002,3,320.76,106.92,19,3,0
106,2,238.0,119.0,89,6,1
357,3,236.43,78.81,168,4,1
168,4,706.12,176.53,47,3,0
337,3,78.18,26.06,83,2,1
585,3,282.54,94.18,113,1,0
307,3,123.96,41.32,113,0,1
74,4,296.4,74.1,33,3,0
558,7,192.22,27.46,21,3,0
58,7,350.49,50.07,58,2,0
249,3,163.62,54.54,96,6,1
1,5,437.75,87.55,1,4,0
95,1,47.27,47.27,95,2,1
478,3,172.41,57.47,30,4,0
931,0,0.0,105.23,931,0,1
848,2,265.5,132.75,148,1,1
109,0,0.0,53.0,109,2,1
39,6,869.4,144.9,36,5,0
370,7,707.35,101.05,29,3,0
714,2,287.5,143.75,91,2,0
817,3,213.48,71.16,69,0,1
901,7,397.46,56.78,168,2,1
375,0,0.0,64.52,375,3,1
184,4,344.56,86.14,15,4,0
29,3,210.63,70.21,29,2,0
161,7,500.36,71.48,17,7,0
72,4,402.08,100.52,72,3,0
942,7,333.83,47.69,173,1,1
294,1,75.85,75.85,63,5,1
901,2,54.42,27.21,29,5,1
606,3,200.79,66.93,12,7,0
590,5,269.65,53.93,62,2,1
498,1,55.23,55.23,172,0,1
897,1,31.62,31.62,83,3,1
48,6,275.76,45.96,48,2,0
102,6,525.24,87.54,2,5,0
464,4,145.88,36.47,120,1,1
432,2,34.52,17.26,34,6,0
597,4,380.28,95.07,125,5,1
808,3,603.96,201.32,150,5,1
643,4,176.76,44.19,140,4,1
282,8,230.72,28.84,94,4,1
359,1,174.49,174.49,118,1,1
824,4,62.68,15.67,71,2,1
221,4,367.2,91.8,128,5,0
552,3,123.6,41.2,123,4,1
590,5,992.2,198.44,34,3,0
821,2,121.42,60.71,59,3,0
782,2,92.54,46.27,140,2,1
509,2,11.08,5.54,79,4,1
339,4,438.16,109.54,43,3,0
403,2,211.0,105.5,179,6,1
451,2,281.54,140.77,157,2,1
240,4,314.32,78.58,140,4,0
685,7,396.62,56.66,76,1,0
228,5,634.35,126.87,100,5,0
710,5,251.15,50.23,171,1,1
823,4,102.2,25.55,95,3,0
1053,4,360.2,90.05,149,4,1
131,2,237.26,118.63,131,2,0
832,3,64.89,21.63,145,2,1
95,5,375.5,75.1,95,4,0
369,1,109.82,109.82,63,5,0
193,3,142.65,47.55,62,2,1
178,2,346.32,173.16,147,2,1
192,3,132.6,44.2,76,4,0
49,4,176.88,44.22,45,4,0
901,5,253.4,50.68,34,1,0
67,6,210.24,35.04,67,6,0
436,0,0.0,44.2,436,3,1
765,11,809.05,73.55,69,2,0
1084,0,0.0,38.32,1084,9,1
934,3,286.74,95.58,56,5,1
151,8,186.8,23.35,72,4,1
1081,4,154.68,38.67,74,1,0
715,3,525.36,175.12,65,2,0
197,2,86.62,43.31,153,4,1
491,1,66.51,66.51,164,5,1
1005,6,419.7,69.95,49,5,0
430,4,132.36,33.09,65,3,1
201,3,122.13,40.71,4,0,0
958,2,167.18,83.59,137,1,0
1043,1,43.47,43.47,128,2,1
1068,1,41.9,41.9,151,1,1
1046,11,446.05,40.55,101,4,0
955,2,279.12,139.56,164,0,1
498,1,123.59,123.59,26,2,1
211,4,297.12,74.28,68,2,1
676,3,179.85,59.95,81,4,0
242,2,143.7,71.85,138,4,1
518,7,610.54,87.22,40,2,0
718,1,87.56,87.56,59,0,1
1036,8,350.8,43.85,17,4,0
317,1,52.86,52.86,170,3,1
276,4,198.08,49.52,82,3,0
804,4,312.4,78.1,3,3,0
8,3,407.01,135.67,8,3,0
620,4,266.96,66.74,103,2,0
817,4,282.28,70.57,89,3,0
603,6,230.04,38.34,92,2,0
421,6,124.08,20.68,12,2,0
907,5,259.45,51.89,158,2,1
406,2,196.26,98.13,150,4,1
778,5,194.5,38.9,39,1,0
508,3,52.59,17.53,66,0,1
30,4,358.0,89.5,16,3,0
581,3,252.12,84.04,23,3,0
55,4,179.88,44.97,55,2,0
1019,3,124.56,41.52,21,3,0
659,3,163.65,54.55,64,5,0
408,7,329.98,47.14,179,4,0
532,2,310.54,155.27,59,1,1
678,5,267.8,53.56,124,4,0
285,5,402.25,80.45,19,2,0
316,4,235.16,58.79,158,3,1
459,2,164.26,82.13,166,0,1
283,4,183.72,45.93,165,2,1
830,4,179.52,44.88,114,1,1
114,3,199.38,66.46,114,3,1
905,5,205.0,41.0,125,3,1
382,2,103.8,51.9,68,3,1
614,4,382.64,95.66,162,2,1
173,7,882.77,126.11,50,5,0
422,3,552.12,184.04,152,7,1
826,5,456.8,91.36,168,5,1
297,4,312.48,78.12,82,2,0
145,4,142.24,35.56,42,2,0
571,3,353.61,117.87,29,5,0
178,3,454.2,151.4,97,5,0
345,2,100.74,50.37,122,3,1
493,8,1403.2,175.4,107,4,0
618,7,874.16,124.88,118,4,0
700,2,184.02,92.01,5,3,1
741,4,239.16,59.79,9,3,1
924,4,112.96,28.24,48,3,0
73,3,466.83,155.61,73,2,0
397,0,0.0,26.15,397,2,1
2,8,1277.68,159.71,2,4,0
11,2,339.8,169.9,11,4,0
233,5,180.1,36.02,78,4,0
655,5,129.8,25.96,26,2,0
979,4,197.56,49.39,93,1,1
847,0,0.0,62.4,847,3,1
708,3,140.22,46.74,165,1,1
852,3,146.67,48.89,67,5,1
189,4,255.4,63.85,31,5,0
919,3,456.87,152.29,156,6,0
974,4,235.84,58.96,67,2,1
104,4,385.52,96.38,29,1,0
515,8,232.48,29.06,91,3,0
909,4,276.92,69.23,11,3,0
521,2,103.84,51.92,179,2,1
920,1,94.55,94.55,141,5,1
1024,4,109.68,27.42,80,0,1
520,2,265.72,132.86,99,1,1
66,2,101.12,50.56,66,0,0
373,2,79.7,39.85,85,3,1
236,2,337.62,168.81,169,4,1
519,3,229.11,76.37,131,1,1
641,2,125.82,62.91,120,4,1
508,3,81.66,27.22,176,3,1
214,5,178.5,35.7,30,2,0
330,2,56.12,28.06,164,1,1
744,7,465.43,66.49,32,7,0
30,1,123.91,123.91,30,6,0
235,7,559.93,79.99,117,4,0
977,9,621.0,69.0,25,1,0
109,5,319.85,63.97,85,1,0
454,5,535.0,107.0,61,2,0
227,4,227.92,56.98,2,4,0
115,5,115.5,23.1,34,3,0
463,5,580.45,116.09,81,3,0
571,6,189.36,31.56,16,0,0
193,4,83.32,20.83,170,2,1
86,5,389.25,77.85,78,5,1
148,2,30.1,15.05,135,4,1
713,4,258.72,64.68,37,11,0
942,2,144.06,72.03,101,7,0
198,1,85.41,85.41,21,6,1
351,5,401.7,80.34,36,4,0
377,8,208.24,26.03,124,4,1
395,4,428.52,107.13,61,3,0
268,1,63.39,63.39,177,4,1
61,1,51.36,51.36,61,6,0
575,7,191.45,27.35,24,0,0
391,5,600.6,120.12,119,2,0
375,4,453.72,113.43,141,3,1
290,3,139.92,46.64,50,4,1
1017,7,599.76,85.68,152,4,1
668,2,196.56,98.28,133,3,1
459,5,275.05,55.01,59,4,0
225,5,570.8,114.16,17,5,0
877,4,470.48,117.62,80,3,0
972,6,110.82,18.47,67,5,0
36,6,576.9,96.15,36,5,0
1018,4,189.64,47.41,42,0,1
766,2,74.24,37.12,57,3,1
110,6,92.04,15.34,110,0,1
824,4,274.56,68.64,152,5,1
118,8,432.56,54.07,118,6,0
56,6,275.46,45.91,56,7,1
127,8,798.48,99.81,90,3,0
504,2,595.06,297.53,53,5,0
678,2,172.38,86.19,74,2,1
446,9,485.37,53.93,94,2,0
134,5,581.25,116.25,134,4,0
218,7,231.21,33.03,144,2,1
933,1,47.71,47.71,36,6,0
1054,6,429.06,71.51,171,2,1
826,5,359.9,71.98,14,4,0
114,4,436.08,109.02,9,3,0
897,4,597.28,149.32,154,6,1
758,5,537.5,107.5,52,2,0
576,1,150.08,150.08,155,1,1
157,11,1693.78,153.98,13,3,0
1091,4,311.0,77.75,44,1,0
485,6,357.54,59.59,149,3,1
49,5,470.2,94.04,36,5,0
230,7,140.07,20.01,94,0,1
439,6,652.5,108.75,130,3,0
69,5,504.4,100.88,63,3,0
355,3,96.66,32.22,26,5,0
513,3,424.89,141.63,150,5,0
1038,9,1079.1,119.9,112,0,0
95,3,272.58,90.86,95,4,0
632,3,177.18,59.06,127,2,1
1002,4,578.56,144.64,134,2,1
882,2,42.7,21.35,112,8,0
1012,4,252.96,63.24,121,1,0
187,5,484.05,96.81,77,1,0
877,6,758.94,126.49,167,2,0
1071,5,589.85,117.97,147,4,1
357,3,91.17,30.39,44,5,1
546,4,340.08,85.02,168,3,1
581,6,435.72,72.62,43,3,0
541,9,169.29,18.81,128,3,1
318,6,171.48,28.58,166,6,1
1063,6,92.46,15.41,76,3,0
1047,10,187.5,18.75,34,2,0
417,6,182.52,30.42,180,5,1
881,5,301.85,60.37,143,1,1
435,2,124.98,62.49,81,4,1
870,5,416.9,83.38,179,3,1
640,3,128.91,42.97,21,4,0
515,8,1043.04,130.38,95,5,0
141,8,910.24,113.78,33,3,0
717,3,243.9,81.3,34,2,0
352,4,651.4,162.85,63,6,1
238,1,76.97,76.97,104,4,1
212,6,141.96,23.66,31,1,0
1075,4,380.6,95.15,94,3,0
113,3,209.76,69.92,113,2,1
874,3,152.01,50.67,27,4,0
948,1,55.32,55.32,3,4,1
34,5,434.7,86.94,34,4,0
645,0,0.0,79.44,645,2,1
632,4,728.88,182.22,35,3,0
393,2,147.02,73.51,159,2,1
730,5,384.95,76.99,77,4,0
448,5,346.9,69.38,22,4,0
482,8,550.48,68.81,56,5,0
473,4,127.12,31.78,104,4,1
876,4,185.88,46.47,53,2,1
693,6,513.24,85.54,169,3,1
415,3,70.92,23.64,113,1,1
1014,7,398.23,56.89,13,3,0
878,3,407.19,135.73,63,2,0
1021,4,219.4,54.85,63,1,0
800,7,1102.22,157.46,27,4,0
429,3,166.92,55.64,7,3,0
846,4,472.72,118.18,21,3,0
361,1,70.88,70.88,123,0,1
297,3,96.66,32.22,45,2,1
494,4,716.24,179.06,76,3,0
1061,2,60.0,30.0,26,2,1
622,3,146.91,48.97,171,0,1
420,5,958.75,191.75,178,3,0
506,3,230.19,76.73,125,2,1
319,4,161.92,40.48,60,4,1
721,7,483.91,69.13,109,4,0
384,3,281.52,93.84,70,1,0
607,5,273.5,54.7,164,0,1
405,2,287.58,143.79,109,1,1
351,2,85.08,42.54,24,3,1
1062,6,92.88,15.48,18,4,0
379,3,333.3,111.1,142,3,1
78,7,433.16,61.88,78,2,0
415,2,236.02,118.01,132,2,1
583,2,106.18,53.09,60,2,1
104,6,513.72,85.62,104,8,0
335,4,205.64,51.41,49,3,1
182,3,174.54,58.18,115,5,0
548,4,99.32,24.83,60,2,1
792,4,125.76,31.44,23,1,0
1060,2,160.76,80.38,150,4,1
426,8,888.72,111.09,147,4,0
945,4,340.12,85.03,142,5,1
235,5,179.25,35.85,115,4,1
854,3,269.88,89.96,116,1,0
616,3,109.35,36.45,139,4,1
830,1,79.62,79.62,102,5,1
827,4,171.04,42.76,158,1,1
583,7,423.5,60.5,138,5,1
282,3,136.77,45.59,98,2,1
576,7,644.91,92.13,106,0,0
905,6,301.68,50.28,173,5,0
1062,6,563.22,93.87,91,2,1
1015,4,45.88,11.47,20,3,0
199,2,228.92,114.46,152,2,1
654,7,249.48,35.64,1,4,0
115,2,302.0,151.0,45,4,0
732,10,526.1,52.61,60,6,0
1086,3,404.16,134.72,5,4,0
58,1,18.36,18.36,39,2,0
719,1,123.67,123.67,32,5,0
1035,3,119.07,39.69,100,5,1
927,2,246.18,123.09,159,1,1
430,5,332.1,66.42,51,3,0
114,4,224.16,56.04,71,5,1
1011,4,546.44,136.61,124,5,1
1008,3,141.9,47.3,122,4,1
634,3,471.9,157.3,171,1,1
1071,5,288.1,57.62,95,4,1
6,7,488.04,69.72,6,2,0
675,4,298.08,74.52,153,6,0
43,9,273.87,30.43,43,7,0
1024,4,331.28,82.82,151,6,1
745,3,118.92,39.64,178,3,0
1000,7,240.59,34.37,22,4,1
616,3,102.09,34.03,139,4,1
92,6,315.18,52.53,92,4,1
30,7,978.46,139.78,30,1,0
368,5,214.5,42.9,99,0,1
814,2,162.98,81.49,37,7,0
166,5,665.85,133.17,78,3,0
933,2,115.6,57.8,124,5,0
262,3,221.16,73.72,162,4,1
544,3,437.88,145.96,13,2,0
223,4,363.88,90.97,34,3,0
510,6,507.3,84.55,43,0,0
495,6,398.46,66.41,107,5,0
6,4,618.88,154.72,3,5,0
622,6,316.68,52.78,172,3,1
861,1,48.35,48.35,127,2,1
1025,4,218.12,54.53,163,5,0
362,4,381.76,95.44,4,3,0
964,2,156.86,78.43,50,5,0
962,5,183.7,36.74,81,3,0
1082,5,510.45,102.09,139,3,0
409,3,270.27,90.09,117,4,1
931,5,215.4,43.08,76,1,0
619,9,738.63,82.07,55,2,0
64,5,578.1,115.62,60,7,0
296,2,112.76,56.38,67,3,0
736,4,75.0,18.75,125,4,1
176,3,188.37,62.79,157,1,1
476,4,217.04,54.26,86,1,0
848,3,44.76,14.92,163,2,1
164,1,49.0,49.0,54,5,0
544,4,126.6,31.65,155,2,1
236,9,1216.98,135.22,1,1,0
587,4,544.36,136.09,135,3,0
264,2,172.92,86.46,171,5,1
1057,3,181.29,60.43,50,3,0
84,0,0.0,52.52,84,3,1
1055,1,110.7,110.7,14,4,0
867,3,173.19,57.73,154,3,1
937,4,258.84,64.71,88,2,1
932,1,76.77,76.77,77,3,1
206,6,922.02,153.67,167,4,0
1019,6,124.92,20.82,167,4,0
651,4,176.0,44.0,41,4,0
1053,2,52.98,26.49,173,1,1
961,2,170.06,85.03,38,1,1
635,3,63.93,21.31,147,1,0
410,7,276.08,39.44,141,5,1
129,4,290.76,72.69,91,3,0
111,2,203.28,101.64,107,2,1
427,1,62.37,62.37,71,3,0
888,6,239.4,39.9,73,5,0
553,5,269.3,53.86,93,6,0
528,2,104.5,52.25,156,3,1
268,8,876.96,109.62,87,1,0
618,4,170.72,42.68,105,2,1
699,3,317.28,105.76,128,2,0
1075,2,123.14,61.57,166,2,1
798,3,362.61,120.87,155,2,0
665,4,278.32,69.58,67,3,0
996,1,45.98,45.98,156,2,1
465,6,717.84,119.64,80,2,0
1023,2,389.9,194.95,17,2,0
405,5,362.1,72.42,14,4,0
140,3,331.05,110.35,37,5,0
457,3,211.68,70.56,67,2,1
141,6,249.9,41.65,73,0,0
130,6,742.86,123.81,33,1,0
965,3,88.2,29.4,33,1,1
870,3,79.71,26.57,6,7,0
243,4,498.64,124.66,165,6,1
917,7,386.61,55.23,47,5,1
76,5,160.05,32.01,76,6,0
312,10,1577.5,157.75,89,10,0
773,5,492.2,98.44,65,1,0
333,3,187.23,62.41,45,5,0
800,4,322.08,80.52,12,2,0
957,4,299.96,74.99,20,8,0
73,6,585.18,97.53,73,0,0
27,8,487.44,60.93,27,3,0
1029,5,512.0,102.4,175,4,1
570,1,72.0,72.0,27,6,1
555,3,47.46,15.82,168,3,1
508,3,143.01,47.67,16,0,0
475,3,275.64,91.88,132,2,1
755,11,287.1,26.1,173,5,1
635,4,288.12,72.03,28,4,0
179,4,221.28,55.32,86,1,1
686,1,159.5,159.5,166,4,1
732,5,522.05,104.41,145,4,1
125,3,81.24,27.08,40,1,0
413,4,378.16,94.54,31,3,0
865,4,218.52,54.63,61,2,1
677,7,478.45,68.35,84,6,0
150,3,165.09,55.03,53,3,0
44,4,649.16,162.29,17,2,0
636,5,774.7,154.94,90,2,0
506,3,127.56,42.52,75,3,1
1052,3,362.49,120.83,55,4,0
572,5,234.3,46.86,149,6,1
1020,3,122.67,40.89,53,1,1
235,3,216.24,72.08,161,3,1
490,5,330.55,66.11,3,1,0
153,2,72.96,36.48,94,2,1
629,4,87.8,21.95,172,2,1
207,6,409.56,68.26,52,2,0
539,2,72.98,36.49,118,1,1
377,4,229.52,57.38,133,2,1
204,2,255.24,127.62,62,1,1
106,5,299.4,59.88,106,5,0
561,2,42.22,21.11,118,2,1
1037,7,835.87,119.41,85,2,1
218,2,174.74,87.37,68,4,0
444,1,108.49,108.49,86,7,0
246,4,261.4,65.35,27,5,0
886,2,130.2,65.1,89,5,1
454,3,605.52,201.84,59,0,0
1067,6,526.62,87.77,62,5,0
269,5,591.45,118.29,45,2,0
89,2,590.28,295.14,89,2,1
638,5,991.9,198.38,2,2,0
713,3,91.65,30.55,11,1,0
1084,5,177.45,35.49,38,4,0
954,7,185.57,26.51,103,3,0
968,6,387.24,64.54,47,1,0
694,4,895.88,223.97,90,3,0
394,2,11.22,5.61,27,2,1
470,2,93.26,46.63,76,3,1
147,4,261.04,65.26,82,5,0
472,2,66.54,33.27,59,3,1
399,3,168.15,56.05,9,4,0
40,8,467.44,58.43,40,5,0
224,5,123.55,24.71,37,3,0
585,4,426.28,106.57,88,3,1
405,3,169.44,56.48,128,4,1
1087,1,31.45,31.45,19,4,0
524,4,263.6,65.9,123,4,1
1049,5,522.15,104.43,68,2,0
723,7,436.24,62.32,91,0,1
45,4,134.24,33.56,14,2,0
223,3,220.47,73.49,90,2,0
773,2,381.02,190.51,69,1,0
597,2,90.68,45.34,33,0,0
331,2,74.18,37.09,96,4,1
572,4,199.8,49.95,118,2,1
988,6,233.58,38.93,71,3,0
426,3,120.12,40.04,115,5,1
50,4,116.12,29.03,50,3,0
341,5,590.1,118.02,150,8,1
1024,8,792.08,99.01,51,5,0
834,5,269.8,53.96,144,3,0
917,5,221.05,44.21,69,4,0
998,2,166.22,83.11,101,5,0
129,2,145.34,72.67,13,3,0
310,4,284.4,71.1,14,4,0
66,5,695.0,139.0,66,0,0
6,5,444.75,88.95,2,2,0
914,2,725.88,362.94,100,5,0
1026,5,234.9,46.98,83,2,0
171,3,585.21,195.07,115,4,1
791,3,259.14,86.38,1,5,0
586,4,130.32,32.58,33,4,1
76,7,289.87,41.41,61,6,0
1002,6,573.96,95.66,167,2,0
954,6,163.62,27.27,63,3,0
621,3,186.66,62.22,103,2,1
775,6,1416.84,236.14,104,3,0
435,3,22.89,7.63,75,6,0
868,2,123.9,61.95,150,5,1
487,2,82.84,41.42,129,4,1
1083,6,1196.4,199.4,80,4,0
70,2,118.24,59.12,55,2,0
189,2,74.24,37.12,51,4,1
1060,5,137.85,27.57,169,5,1
316,3,90.75,30.25,23,1,1
340,4,729.72,182.43,31,2,0
866,8,89.92,11.24,48,1,0
208,2,176.54,88.27,150,3,1
562,3,440.22,146.74,124,2,1
313,4,245.84,61.46,174,2,1
217,4,122.56,30.64,130,3,1
1056,6,528.42,88.07,89,4,0
219,4,142.16,35.54,8,4,0
104,5,218.0,43.6,104,4,0
738,5,193.2,38.64,121,4,1
949,7,279.02,39.86,13,4,0
140,2,227.6,113.8,140,2,1
775,8,456.16,57.02,112,1,1
592,5,457.3,91.46,112,7,1
909,3,274.02,91.34,65,2,0
139,1,64.66,64.66,60,6,0
1068,4,606.96,151.74,66,3,1
678,3,100.56,33.52,10,9,0
922,0,0.0,60.15,922,3,1
396,3,48.45,16.15,12,4,0
1033,1,67.4,67.4,108,2,1
686,5,548.35,109.67,38,3,0
139,4,98.32,24.58,111,4,1
1010,3,134.22,44.74,68,4,0
871,2,78.24,39.12,51,3,0
329,3,21.51,7.17,27,2,0
597,4,121.52,30.38,70,3,1
425,6,573.42,95.57,13,1,0
595,5,314.4,62.88,45,3,0
1057,2,157.24,78.62,84,4,1
984,2,219.84,109.92,114,3,1
236,5,866.4,173.28,83,3,0
1064,4,120.92,30.23,19,3,0
480,9,802.62,89.18,130,6,0
772,6,261.54,43.59,77,1,1
837,3,96.75,32.25,113,0,1
529,1,53.45,53.45,177,5,0
500,4,366.68,91.67,9,1,1
500,4,266.4,66.6,178,3,1
944,3,147.39,49.13,172,1,1
423,5,487.15,97.43,94,2,0
307,5,465.15,93.03,5,2,0
396,4,188.64,47.16,45,2,1
214,0,0.0,88.7,214,1,1
429,6,392.7,65.45,106,4,1
125,4,157.16,39.29,125,4,1
99,8,741.68,92.71,88,2,0
792,5,472.5,94.5,65,1,0
85,4,114.0,28.5,8,3,0
622,3,264.93,88.31,170,1,1
854,4,473.64,118.41,179,1,1
793,5,153.65,30.73,6,2,0
489,2,145.8,72.9,59,2,1
212,5,155.95,31.19,177,6,1
1019,0,0.0,33.37,1019,8,1
914,4,79.12,19.78,113,2,1
670,4,510.2,127.55,93,3,1
95,3,357.24,119.08,95,2,0
39,4,492.48,123.12,39,7,0
345,7,352.1,50.3,69,2,0
173,2,219.5,109.75,144,6,1
942,1,32.07,32.07,83,0,1
226,8,225.52,28.19,37,3,0
310,1,50.93,50.93,14,1,0
1068,4,459.24,114.81,129,2,0
896,3,222.9,74.3,109,3,1
240,6,281.88,46.98,158,3,1
420,5,227.0,45.4,43,4,1
565,2,255.36,127.68,129,4,1
727,6,595.5,99.25,5,1,0
1025,3,394.83,131.61,26,3,1
954,5,631.85,126.37,107,2,0
1070,6,101.76,16.96,98,1,1
45,6,705.78,117.63,45,3,0
259,2,200.7,100.35,151,1,1
616,4,137.72,34.43,151,5,1
54,6,304.44,50.74,36,4,0
389,6,347.58,57.93,37,3,0
169,4,683.8,170.95,97,5,0
1021,4,268.24,67.06,173,4,1
70,2,195.6,97.8,70,3,1
163,4,466.4,116.6,27,3,0
214,3,145.89,48.63,115,6,0
163,5,628.9,125.78,61,1,0
623,4,250.12,62.53,20,3,0
399,5,1190.5,238.1,129,2,0
999,4,136.16,34.04,50,2,0
286,3,176.28,58.76,140,1,0
588,5,599.05,119.81,100,4,1
723,3,120.99,40.33,81,1,1
685,0,0.0,104.1,685,4,1
872,4,210.48,52.62,53,3,0
221,6,182.7,30.45,61,4,0
556,5,132.15,26.43,125,2,1
876,3,217.86,72.62,75,1,1
945,6,512.28,85.38,7,1,0
676,4,131.32,32.83,3,3,1
714,2,179.82,89.91,50,3,0
946,3,74.64,24.88,92,4,1
684,2,98.26,49.13,60,1,0
1039,4,246.32,61.58,180,4,1
140,6,351.06,58.51,42,2,0
381,1,70.46,70.46,74,1,0
123,6,360.42,60.07,72,3,0
100,3,164.91,54.97,50,0,1
517,0,0.0,54.82,517,4,1
248,12,513.96,42.83,46,1,0
446,4,364.04,91.01,2,3,0
479,4,221.16,55.29,93,5,0
680,5,198.5,39.7,115,2,1
1035,8,700.96,87.62,83,5,1
930,7,559.86,79.98,76,1,1
414,4,127.28,31.82,156,6,1
357,1,139.39,139.39,68,0,0
844,1,49.46,49.46,116,3,1
136,4,203.52,50.88,136,5,1
592,2,125.76,62.88,72,2,1
463,6,470.76,78.46,98,3,0
200,0,0.0,64.73,200,3,1
675,4,149.48,37.37,111,7,1
351,2,36.14,18.07,99,1,1
204,2,275.68,137.84,154,4,1
715,6,205.08,34.18,46,2,1
191,8,671.28,83.91,30,2,0
737,6,386.4,64.4,77,4,0
178,1,14.83,14.83,111,1,1
476,6,253.8,42.3,52,3,0
884,4,627.28,156.82,180,1,1
251,4,76.52,19.13,93,1,1
840,4,208.56,52.14,147,6,1
790,1,78.43,78.43,99,5,1
988,2,68.58,34.29,71,1,0
185,3,206.13,68.71,153,3,1
783,6,530.46,88.41,29,2,0
1025,2,163.72,81.86,46,0,1
835,3,205.8,68.6,138,4,1
206,4,230.04,57.51,163,4,1
900,9,317.16,35.24,53,1,1
118,1,86.82,86.82,97,4,0
645,5,318.2,63.64,88,4,0
545,6,1012.62,168.77,131,2,0
582,3,299.61,99.87,90,3,1
569,6,280.68,46.78,111,1,0
35,3,220.14,73.38,35,7,0
556,6,170.16,28.36,150,5,1
1025,7,122.08,17.44,25,1,1
478,4,183.2,45.8,120,5,0
303,4,98.32,24.58,33,1,0
1089,4,375.6,93.9,2,2,0
109,3,480.3,160.1,109,4,0
532,4,471.12,117.78,71,1,0
561,1,50.7,50.7,130,0,0
523,2,192.6,96.3,169,4,1
1009,5,221.45,44.29,24,4,0
462,8,1012.4,126.55,82,4,0
1065,3,265.29,88.43,18,4,0
74,5,315.25,63.05,74,4,0
803,5,302.6,60.52,180,3,1
649,3,264.99,88.33,157,4,1
264,4,243.56,60.89,179,4,1
250,2,228.18,114.09,60,5,0
788,9,450.27,50.03,51,6,0
698,7,397.81,56.83,155,2,0
669,5,294.45,58.89,118,2,1
56,4,217.12,54.28,56,3,0
655,6,220.98,36.83,38,2,0
1074,4,190.84,47.71,5,2,0
19,1,62.37,62.37,7,4,0
514,2,119.16,59.58,125,3,1
541,3,443.82,147.94,48,4,0
982,6,471.96,78.66,148,4,1
310,5,650.55,130.11,153,1,0
521,1,22.37,22.37,82,3,1
785,4,422.88,105.72,54,1,1
67,6,472.14,78.69,32,1,0
877,1,59.03,59.03,47,4,1
900,4,139.36,34.84,111,2,1
788,3,278.55,92.85,137,3,0
710,5,426.9,85.38,133,2,1
818,6,569.16,94.86,173,3,1
856,5,234.7,46.94,118,3,1
989,6,682.74,113.79,92,5,0
469,4,357.08,89.27,65,2,1
499,6,296.94,49.49,61,5,0
698,1,139.55,139.55,67,2,1
212,1,72.09,72.09,159,2,1
937,5,95.05,19.01,99,3,0
843,5,247.25,49.45,40,1,0
691,4,452.16,113.04,35,4,0
331,4,201.56,50.39,6,3,0
381,6,390.18,65.03,153,5,1
476,3,344.88,114.96,40,2,0
725,5,253.9,50.78,19,3,0
